Author	Work	e-Source	Print Source	Added by
Achilles Tatius	Leucippe et Clitophon	Perseus	Rudolf Hercher, Erotici Scriptores Graeci, Vol 1. Leipzig: in aedibus B. G. Teubneri, 1858.	Emilie Redwood
Aelian	De Natura Animalium	Perseus	Rudolf Hercher, Claudii Aeliani de natura animalium libri xvii, varia historia, epistolae, fragmenta, Vol 1. Lipsiae: In Aedibus B.G. Teubneri, 1864.	Emilie Redwood
Aelian	Epistulae Rusticae	Perseus	Rudolf Hercher, Claudii Aeliani de natura animalium libri xvii, varia historia, epistolae, fragmenta, Vol 2. Lipsiae: In Aedibus B.G. Teubneri, 1866.	Emilie Redwood
Aelian	Varia Historia	Perseus	Rudolf Hercher, Claudii Aeliani de natura animalium libri xvii, varia historia, epistolae, fragmenta, Vol 2. Lipsiae: In Aedibus B.G. Teubneri, 1866.	Emilie Redwood
Aelius Aristides	Ars Rhetorica	Perseus	Aristides, Aelius. Rhetores Graeci, Vol 2. ex recognitione Leonardi Spengel. Leonhard von Spengel. Leipzig. Teubner. 1854.	Rudra Chakraborty
Aelius Aristides	Orationes	Perseus	Aristides, Aelius. Aristides. ex recensione Guilielmi Dindorfii. Leipzig. Weidmann. 1829. 1-2.	Rudra Chakraborty
Aeschines	Speeches (Greek). Machine readable text	Perseus	Aeschines with an English translation by Charles Darwin Adams, Ph.D..Cambridge, MA, Harvard University Press; London, William Heinemann Ltd., 1919.	Elizabeth Hunter
Aeschylus	Agamemnon	Perseus	Herbert Weir Smyth, Ph.D., Aeschylus, with an English translation by Herbert Weir Smyth, Ph. D. in two volumes.. Cambridge: Cambridge, Mass., Harvard University Press; London, William Heinemann, Ltd., 1926.	Anna Glenn
Aeschylus	Eumenides	Perseus	Herbert Weir Smyth, Ph.D., Aeschylus, with an English translation by Herbert Weir Smyth, Ph. D. in two volumes.. Cambridge: Cambridge, Mass., Harvard University Press; London, William Heinemann, Ltd., 1926.	Anna Glenn
Aeschylus	Libation Bearers	Perseus	Herbert Weir Smyth, Ph.D., Aeschylus, with an English translation by Herbert Weir Smyth, Ph. D. in two volumes. . Cambridge: Cambridge, Mass., Harvard University Press; London, William Heinemann, Ltd., 1926.	Anna Glenn
Aeschylus	Persians	Perseus	Herbert Weir Smyth, Ph.D., Aeschylus, with an English translation by Herbert Weir Smyth, Ph. D. in two volumes.. Cambridge: Cambridge, Mass., Harvard University Press; London, William Heinemann, Ltd., 1926.	Anna Glenn
Aeschylus	Prometheus Bound	Perseus	Herbert Weir Smyth, Ph.D., Aeschylus, with an English translation by Herbert Weir Smyth, Ph. D. in two volumes.. Cambridge: Cambridge, Mass., Harvard University Press; London, William Heinemann, Ltd., 1926.	Anna Glenn
Aeschylus	Seven Against Thebes	Perseus	Herbert Weir Smyth, Ph.D., Aeschylus, with an English translation by Herbert Weir Smyth, Ph. D. in two volumes.. Cambridge: Cambridge, Mass., Harvard University Press; London, William Heinemann, Ltd., 1926.	Anna Glenn
Aeschylus	Suppliant Women	Perseus	Herbert Weir Smyth, Ph.D., Aeschylus, with an English translation by Herbert Weir Smyth, Ph. D. in two volumes.. Cambridge: Cambridge, Mass., Harvard University Press; London, William Heinemann, Ltd., 1926.	Anna Glenn
Ammianus Marcellinus	Rerum Gestarum	Perseus	Ammianus Marcellinus. With An English Translation. John C. Rolfe, PhD, Litt.D. Cambridge. Cambridge, Mass., Harvard University Press; London, William Heinemann, Ltd. 1935-1940.	Katherine Roache
Anonymous	Laudes Domini	Divus Angelus	Pieter Van Der Weijden, ed. Laudes domini: Tekst, vertaling en commentaar. Amsterdam: H. J. Paris, 1967.	Vincent Hunink
Antiphon	Against the Stepmother for Poisoning	Perseus	Maidment, K. J., ed. Minor Attic Orators. Cambridge: Harvard UP, 1941.	Katherine Roache
Antiphon	First Tetralogy	Perseus	Maidment, K. J., ed. Minor Attic Orators. Cambridge: Harvard UP, 1941.	Katherine Roache
Antiphon	On the Choreutes	Perseus	Maidment, K. J., ed. Minor Attic Orators. Cambridge: Harvard UP, 1941.	Katherine Roache
Antiphon	On the Murder of Herodes	Perseus	Maidment, K. J., ed. Minor Attic Orators. Cambridge: Harvard UP, 1941.	Katherine Roache
Antiphon	Second Tetralogy	Perseus	Maidment, K. J., ed. Minor Attic Orators. Cambridge: Harvard UP, 1941.	Katherine Roache
Antiphon	Third Tetralogy	Perseus	Maidment, K. J., ed. Minor Attic Orators. Cambridge: Harvard UP, 1941.	Katherine Roache
Apollodorus	Epitome	Perseus	Apollodorus. Apollodorus, The Library, with an English Translation by Sir James George Frazer, F.B.A., F.R.S. in 2 Volumes. Cambridge, MA, Harvard University Press; London, William Heinemann Ltd. 1921.	Katherine Roache
Apollodorus	Library	Perseus	Apollodorus. Apollodorus, The Library, with an English Translation by Sir James George Frazer, F.B.A., F.R.S. in 2 Volumes. Cambridge, MA, Harvard University Press; London, William Heinemann Ltd. 1921.	Katherine Roache
Appian	The Civil Wars	Perseus	Appian. The Civil Wars. L. Mendelssohn. Leipzig. Teubner. 1879.	Katherine Roache
Appolonius	Argonautica	Perseus	George W. Mooney, Argonautica. London: Longmans, Green, 1912.	Chris Forstall
Apuleius	Florida	Perseus	Apuleius. Apulei Platonici Madaurensis Florida. Rudolf Helm. Lipsiae: Teubner, 1921. 1921.	Katherine Roache
Apuleius	Metamorphoses	Perseus	Apuleius. The Golden Ass, being the Metamorphoses of Lucius Apuleius. Stephen Gaselee. London: William Heinemann; New York: G.P. Putnam's Sons. 1915.	Katherine Roache
Apulieus	Apologia	Perseus	Apuleius.Apulei Platonici Madaurensis, Pro se de magia liber (Apologia).Rudolf Helm. Lipsiae: B.G. Teubneri. 1912.	Katherine Roache
Aristophanes	Acharnians	Perseus	F.W. Hall and W.M. Geldart, Aristophanes Comoediae, ed. F.W. Hall and W.M. Geldart, vol. 2. Oxford: Clarendon Press, Oxford, 1907.	Anna Glenn
Aristophanes	Birds	Perseus	F.W. Hall and W.M. Geldart, Aristophanes Comoediae, ed. F.W. Hall and W.M. Geldart, vol. 2. Oxford: Clarendon Press, Oxford, 1907.	Anna Glenn
Aristophanes	Clouds	Perseus	F.W. Hall and W.M. Geldart, Aristophanes Comoediae, ed. F.W. Hall and W.M. Geldart, vol. 2. Oxford: Clarendon Press, Oxford, 1907.	Anna Glenn
Aristophanes	Ecclesiazusae	Perseus	F.W. Hall and W.M. Geldart, Aristophanes Comoediae, ed. F.W. Hall and W.M. Geldart, vol. 2. Oxford: Clarendon Press, Oxford, 1907.	Anna Glenn
Aristophanes	Frogs	Perseus	F.W. Hall and W.M. Geldart, Aristophanes Comoediae, ed. F.W. Hall and W.M. Geldart, vol. 2. Oxford: Clarendon Press, Oxford, 1907.	Anna Glenn
Aristophanes	Knights	Perseus	F.W. Hall and W.M. Geldart, Aristophanes Comoediae, ed. F.W. Hall and W.M. Geldart, vol. 1. Oxford: Clarendon Press, Oxford, 1907.	Anna Glenn
Aristophanes	Lysistrata	Perseus	F.W. Hall and W.M. Geldart, Aristophanes Comoediae, ed. F.W. Hall and W.M. Geldart, vol. 2. Oxford: Clarendon Press, Oxford, 1907.	Anna Glenn
Aristophanes	Peace	Perseus	F.W. Hall and W.M. Geldart, Aristophanes Comoediae, ed. F.W. Hall and W.M. Geldart, vol. 1. Oxford: Clarendon Press, Oxford, 1907.	Anna Glenn
Aristophanes	Plutus	Perseus	F.W. Hall and W.M. Geldart, Aristophanes Comoediae, ed. F.W. Hall and W.M. Geldart, vol. 2. Oxford: Clarendon Press, Oxford, 1907.	Anna Glenn
Aristophanes	Thesmaphoriazusae	Perseus	F.W. Hall and W.M. Geldart, Aristophanes Comoediae, ed. F.W. Hall and W.M. Geldart, vol. 2. Oxford: Clarendon Press, Oxford, 1907.	Anna Glenn
Aristophanes	Wasps	Perseus	F.W. Hall and W.M. Geldart, Aristophanes Comoediae, ed. F.W. Hall and W.M. Geldart, vol. 1. Oxford: Clarendon Press, Oxford, 1907.	Anna Glenn
Aristotle	Constitution	Perseus	Athenaion Politeia, ed. Kenyon. Oxford. 1920.	Rudra Chakraborty
Aristotle	Economics	Perseus	Aristotle. Aristotle in 23 Volumes, Vol. 18. Harvard University Press, Cambridge, Mass., London. 1935.	Rudra Chakraborty
Aristotle	Eudemian Ethics	Perseus	Aristotle. Aristotle's Eudemian Ethics, ed. F. Susemihl. Leipzig: Teubner. 1884.	Rudra Chakraborty
Aristotle	Metaphysics	Perseus	Aristotle. Aristotle's Metaphysics, ed. W.D. Ross. Oxford: Clarendon Press. 1924.	Rudra Chakraborty
Aristotle	Nicomachean Ethics	Perseus	ed. J. Bywater, Aristotle's Ethica Nicomachea. Oxford, Clarendon Press. 1894.	Rudra Chakraborty
Aristotle	Poetics	Perseus	Aristotle. ed. R. Kassel, Aristotle's Ars Poetica. Oxford, Clarendon Press. 1966.	Rudra Chakraborty
Aristotle	Politics	Perseus	Aristotle. ed. W. D. Ross, Aristotle's Politica. Oxford, Clarendon Press. 1957.	Rudra Chakraborty
Aristotle	Rhetoric	Perseus	Ars Rhetorica. Aristotle. W. D. Ross. Oxford. Clarendon Press. 1959.	Rudra Chakraborty
Aristotle	Virtues and Vices	Perseus	ed. I. Bekker, Aristotle's Opera, vol. 2. Berlin, Reimer. 1831.	Rudra Chakraborty
Athenaeus	The Deipnosophists	Perseus	Charles Burton Gulick, The Deipnosophists. Cambridge, MA: Harvard University Press, 1927.	Emilie Redwood
Augustine	Epistulae. Selections	Perseus	Select Letters. Augustine, Saint. James Houston Baxter. William Heinemann Ltd.; Harvard University Press. London; Cambridge, Massachusetts. 1930.	Katherine Roache
Ausonius	Ausonii Burdigalensis Vasatis Gratiarum Actio Ad Grati Angratianum Imperatorem Pro Consulatu	Perseus	Ausonius. Works. Ausonius, Vol 2. Ausonius, Decimus Magnus. Hugh G. Evelyn-White. William Heinemann Ltd.; Harvard University Press. London; Cambridge, Massachusetts. 1921.	Katherine Roache
Ausonius	Ausonii de XII Caesaribus per Suetonium Tranquillum scriptis	Perseus	Ausonius. Works. Ausonius, Vol 1. Ausonius, Decimus Magnus. Hugh G. Evelyn-White. William Heinemann Ltd.; Harvard University Press. London; Cambridge, Massachusetts. 1919.	Katherine Roache
Ausonius	Cento Nuptialis	Perseus	Ausonius. Works. Ausonius, Vol 1. Ausonius, Decimus Magnus. Hugh G. Evelyn-White. William Heinemann Ltd.; Harvard University Press. London; Cambridge, Massachusetts. 1919.	Katherine Roache
Ausonius	Commemoratio professorum Burdigalensium	Perseus	Ausonius. Works. Ausonius, Vol 1. Ausonius, Decimus Magnus. Hugh G. Evelyn-White. William Heinemann Ltd.; Harvard University Press. London; Cambridge, Massachusetts. 1919.	Katherine Roache
Ausonius	Cupido cruciatur	Perseus	Hugh G. Evelyn-White, Ausonius. Works.. London; Cambridge, Massachusetts: William Heinemann Ltd.; Harvard University Press, 1919.	Katherine Roache
Ausonius	De Bissula	Perseus	Ausonius. Works. Ausonius, Vol 1. Ausonius, Decimus Magnus. Hugh G. Evelyn-White. William Heinemann Ltd.; Harvard University Press. London; Cambridge, Massachusetts. 1919.	Katherine Roache
Ausonius	De Herediolo	Perseus	Hugh G. Evelyn-White, Ausonius. Works.. London; Cambridge, Massachusetts: William Heinemann Ltd.; Harvard University Press, 1919.	Katherine Roache
Ausonius, Decimus Magnus	Ephemeris	Perseus	Ausonius. Works. Ausonius, Vol 1. Ausonius, Decimus Magnus. Hugh G. Evelyn-White. William Heinemann Ltd.; Harvard University Press. London; Cambridge, Massachusetts. 1919.	Katherine Roache
Ausonius	Epicedion in Patrem	Perseus	Hugh G. Evelyn-White, Ausonius. Works.. London; Cambridge, Massachusetts: William Heinemann Ltd.; Harvard University Press, 1919.	Katherine Roache
Ausonius, Decimus Magnus	Epigrammata Ausonii de diversis rebus	Perseus	Ausonius. Works. Ausonius, Vol 2. Ausonius, Decimus Magnus. Hugh G. Evelyn-White. William Heinemann Ltd.; Harvard University Press. London; Cambridge, Massachusetts. 1921.	Katherine Roache
Ausonius, Decimus Magnus	Epistularum	Perseus	Ausonius. Works. Ausonius, Vol 2. Ausonius, Decimus Magnus. Hugh G. Evelyn-White. William Heinemann Ltd.; Harvard University Press. London; Cambridge, Massachusetts. 1921.	Katherine Roache
Ausonius, Decimus Magnus	Epitaphia heroum qui bello Troico interfuerunt	Perseus	Ausonius. Works. Ausonius, Vol 1. Ausonius, Decimus Magnus. Hugh G. Evelyn-White. William Heinemann Ltd.; Harvard University Press. London; Cambridge, Massachusetts. 1919.	Katherine Roache
Ausonius, Decimus Magnus	Fasti	Perseus	Ausonius. Works. Ausonius, Vol 1. Ausonius, Decimus Magnus. Hugh G. Evelyn-White. William Heinemann Ltd.; Harvard University Press. London; Cambridge, Massachusetts. 1919.	Katherine Roache
Ausonius	Griphus Ternarii numeri	Perseus	Hugh G. Evelyn-White, Ausonius. Works.. London; Cambridge, Massachusetts: William Heinemann Ltd.; Harvard University Press, 1919.	Katherine Roache
Ausonius, Decimus Magnus	Ludus Septem Sapientum	Perseus	Ausonius. Works. Ausonius, Vol 1. Ausonius, Decimus Magnus. Hugh G. Evelyn-White. William Heinemann Ltd.; Harvard University Press. London; Cambridge, Massachusetts. 1919.	Katherine Roache
Ausonius	Mosella	Perseus	Hugh G. Evelyn-White, Ausonius. Works.. London; Cambridge, Massachusetts: William Heinemann Ltd.; Harvard University Press, 1919.	Katherine Roache
Ausonius	Oratio Consulis Ausonii Versibus Ropalicis	Perseus	Hugh G. Evelyn-White, Ausonius. Works.. London; Cambridge, Massachusetts: William Heinemann Ltd.; Harvard University Press, 1919.	Katherine Roache
Ausonius, Decimus Magnus	Ordo Urbium Nobilium	Perseus	Ausonius. Works. Ausonius, Vol 1. Ausonius, Decimus Magnus. Hugh G. Evelyn-White. William Heinemann Ltd.; Harvard University Press. London; Cambridge, Massachusetts. 1919.	Katherine Roache
Ausonius, Decimus Magnus	Parentalia	Perseus	Ausonius. Works. Ausonius, Vol 1. Ausonius, Decimus Magnus. Hugh G. Evelyn-White. William Heinemann Ltd.; Harvard University Press. London; Cambridge, Massachusetts. 1919.	Katherine Roache
Ausonius, Decimus Magnus	Praefatiunculae	Perseus	Ausonius. Works. Ausonius, Vol 1. Ausonius, Decimus Magnus. Hugh G. Evelyn-White. William Heinemann Ltd.; Harvard University Press. London; Cambridge, Massachusetts. 1919.	Katherine Roache
Ausonius, Decimus Magnus	Precationes	Perseus	Ausonius. Works. Ausonius, Vol 1. Ausonius, Decimus Magnus. Hugh G. Evelyn-White. William Heinemann Ltd.; Harvard University Press. London; Cambridge, Massachusetts. 1919.	Katherine Roache
Ausonius, Decimus Magnus	Technopaegnion	Perseus	Ausonius. Works. Ausonius, Vol 1. Ausonius, Decimus Magnus. Hugh G. Evelyn-White. William Heinemann Ltd.; Harvard University Press. London; Cambridge, Massachusetts. 1919.	Katherine Roache
Barnabas	Barnabae Epistula	Perseus	Kirsopp Lake, The Apostolic Fathers, Vol 1. London; New York: William Heinemann; The Macmillan Co., 1912.	Anna Glenn
Bede	Historiam ecclesiasticam gentis Anglorum	Perseus	Charles Plummer, Historiam ecclesiasticam gentis Anglorum. Oxfordii: e typographeo Clarendoniano, 1896.	Anna Glenn
Bion of Phlossa	Epitaphius Adonis	Perseus	J. M. (John Maxwell) Edmonds, The Greek Bucolic Poets. London; New York: William Heinemann; G. P. Putnam's Sons, 1919.	Anna Glenn
Bion of Phlossa	Epithalamium Achillis et Deidameiae	Perseus	J. M. (John Maxwell) Edmonds, The Greek Bucolic Poets. London; New York: William Heinemann; G. P. Putnam's Sons, 1919.	Anna Glenn
Boethius	Consolatio Philosophiae	Perseus	James J. O'Donnell, Consolatio Philosophiae.	Emilie Bétrix
Boethius	De Fide Catholica	Perseus	H.F. Stewart, Theological Tractates and the Consolation of Philosophy. London; Cambridge, Massachusetts: William Heinemann Ltd.; Harvard University Press, 1918.	Emilie Bétrix
Boethius	Liber De Persona et Duabus Naturis Contra Eutychen Et Nestorium	Perseus	H.F. Stewart, Theological Tractates and the Consolation of Philosophy. London; Cambridge, Massachusetts: William Heinemann Ltd.; Harvard University Press, 1918.	Emilie Bétrix
Boethius	Quomodo Substantiae in Eo Quod Sint Bonae Sint Cum Non Sint Substanialia Bona	Perseus	H.F. Stewart, Theological Tractates and the Consolation of Philosophy. London; Cambridge, Massachusetts: William Heinemann Ltd.; Harvard University Press, 1918.	Emilie Bétrix
Boethius	Quomodo Trinitas Unus Deus Ac Non Tres Dii (De Trinitate)	Perseus	H.F. Stewart, Theological Tractates and the Consolation of Philosophy. London; Cambridge, Massachusetts: William Heinemann Ltd.; Harvard U iversity Press, 1918.	Anna Glenn
Boethius	Utrum Pater Et Filius Ac Spiritus Sanctus De Divinitate Substantiali ter Praedicentur Liber	Perseus	H.F. Stewart, Theological Tractates and the Consolation of Philo sophy. London; Cambridge, Massachusetts: William Heinemann Ltd.; Harvard Un iversity Press, 1918.	Anna Glenn
Caesar Augustus	Res Gestae Divi Augusti	Perseus	Res Gestae Divi Augusti.	Emilie Bétrix
Callistratus	Statuaram Descriptiones	Perseus	Flavii Philostrati Opera, Vol 2. Callistratus. Carl Ludwig Kayser. in aedibus B. G. Teubneri. Lipsiae. 1871.	Katherine Roache
Catullus	Carmina	Perseus	Edition of E. T. Merrill	Chris Forstall
Celsus	De Medicina	Perseus	Friedrich Marx, A. Cornelii Celsi quae supersunt. Lipsiae: Teubner, 1915.	Anna Glenn
Chariton	De Chaerea et Callirhoe	Perseus	Chariton.Erotici Scriptores Graeci, Vol 2. Rudolf Hercher. in aedibus B. G. Teubneri. Leipzig. 1859.	Katherine Roache
Cicero	Academica	Perseus	O. Plasberg, Academicorum reliquiae cum Lucullo. Leipzig: T eubner, 1922.	Anna Glenn
Cicero	Brutus	Perseus	A. S. Wilkins, M. Tulli Ciceronis Rhetorica, Tomus II. Oxon ii: e Typographeo Clarendoniano, 1911.	Anna Glenn
Cicero	Cum populo gratias egit	Perseus	Albert Clark, M. Tulli Ciceronis Orationes: Recognovit brevique adnotatione critica instruxit Albertus Curtis Clark. Oxonii: e Typographeo Clarendoniano, 1909.	Anna Glenn
Cicero	De Amicitia	Perseus	William Armistead Falconer, With An English Translation. Ca mbridge: Harvard University Press; Cambridge, Mass., London, England, 1923.	Anna Glenn
Cicero	De Divinatione	Perseus	C. F. W. Müller, De Divinatione. Leipzig: Teubner, 1915.	Anna Glenn
Cicero	De Fato	Perseus	C. F. W. Müller, De Fato. Leipzig: Teubner, 1915.	Anna Glenn
Cicero	De Finibus Bonorum et Malorum	Perseus	Th. Schiche, M. Tulli Ciceronis scripta quae manserunt omnia, fasc. 43. Leipzig: Teubner, 1915.	Anna Glenn
Cicero	De Inventione	Perseus	Eduard Stroebel, Rhetorici libri duo qui vocantur de inventione. Lipsiae: In Aedibus B.G. Teubneri, 1915.	Anna Glenn
Cicero	De Officiis	Perseus	Walter Miller, De Officiis. Cambridge: Harvard University P ress; Cambridge, Mass., London, England, 1913.	Anna Glenn
Cicero	De Optimo Genere Oratorum	Perseus	A. S. Wilkins, M. Tulli Ciceronis Rhetorica, Tomus II. Oxon ii: e Typographeo Clarendoniano, 1911.	Anna Glenn
Cicero	De Oratore	Perseus	A. S. Wilkins, M. Tulli Ciceronis Rhetorica. 1902.	Anna Glenn
Cicero	De Partitione Oratore	Perseus	A. S. Wilkins, M. Tulli Ciceronis Rhetorica, Tomus II. 1911.	Anna Glenn
Cicero	De Republica	Perseus	C. F. W. Mueller, Librorum de Re Publica Sex. Leipzig: Teubner, 1889.	Anna Glenn
Cicero	De Senectute	Perseus	William Armistead Falconer, With An English Translation. Ca mbridge: Harvard University Press; Cambridge, Mass., London, England, 1923.	Anna Glenn
Cicero	De domo sua	Perseus	Albert Clark, M. Tulli Ciceronis Orationes: Recognovit brevique adnotatione critica instruxit Albertus Curtis Clark. Oxonii: e Typographeo Clarendoniano, 1909.	Anna Glenn
Cicero	De haruspicum responso	Perseus	Albert Clark, M. Tulli Ciceronis Orationes: Recognovit brevique adnotatione critica instruxit Albertus Curtis Clark. Oxonii: e Typographeo Clarendoniano, 1909.	Anna Glenn
Cicero	De imperio Cn. Pompei	Perseus	Albert Clark, M. Tulli Ciceronis Orationes: Recognovit brevique adnotatione critica instruxit Albertus Curtis Clark Collegii Reginae Socius. Oxonii: e Typographeo Clarendoniano, 1908.	Anna Glenn
Cicero	De lege agraria contra Rullum	Perseus	Albert Clark, M. Tulli Ciceronis Orationes:Recognovit brevique adnotatione critica instruxitAlbertus Curtis Clark. Oxonii: e Typographeo Clarendoniano, 1909.	Anna Glenn
Cicero	De provinciis consularibus	Perseus	Albert Clark, M. Tulli Ciceronis Orationes: Recognovit brevique adnotatione critica instruxit Albertus Curtis Clark. Oxonii: e Typographeo Clarendoniano, 1909.	Anna Glenn
Cicero	Divinatio in C. Verrem	Perseus	Albert Clark, M. Tvlli Ciceronis Orationes: Divinatio in Q. Caecilivm. In C. Verrem Recognovit brevique adnotatione critica instruxit Gvlielmvs Peterson Rector Vniversitatis MacGillianae. Oxford: e Typographeo Clarendoniano, 1917.	Anna Glenn
Cicero	Divinatio in Q. Caecilius	Perseus	Albert Clark, M. Tvlli Ciceronis Orationes: Divinatio in Q. Caecilivm. In C. Verrem Recognovit brevique adnotatione critica instruxit Gvlielmvs Peterson Rector Vniversitatis MacGillianae. Oxford: e Typographeo Clarendoniano, 191 7.	Anna Glenn
Cicero	Epistulae ad Familiares	Perseus	L. C. Purser,Ciceronis Epistulae Oxonii, e typographeo Clarendoniano 1906	Anna Glenn
Cicero	In Catilinam	Perseus	Albert Clark, M. Tulli Ciceronis Orationes: Recognovit brevique adnotatione critica instruxit Albertus Curtis Clark Collegii Reginae Socius. Oxonii: e Typographeo Clarendoniano, 1908.	Anna Glenn
Cicero	In L. Pisonem	Perseus	Albert Clark, M. Tulli Ciceronis Orationes: Recognovit brevique adnotatione critica instruxit Albertus Curtis Clark. Oxonii: e Typographeo Clarendoniano, 1909.	Anna Glenn
Cicero	In Vatinium	Perseus	Albert Clark, M. Tulli Ciceronis Orationes: Recognovit brevique adnotatione critica instruxit Albertus Curtis Clark. Oxonii: e Typographeo Clarendoniano, 1909.	Anna Glenn
Cicero	Letters to Atticus	Perseus	L. C. Purser, Ciceronis Epistulae Oxonii, e typographeo Clarendoniano 1906.	Anna Glenn
Cicero	Letters to and from Brutus	Perseus	L. C. Purser, Ciceronis Epistulae Oxonii, e typographeo Clarendoniano 1906.	Anna Glenn
Cicero	Letters to and from Quintus	Perseus	L. C. Purser, Ciceronis Epistulae Oxonii, e typographeo Clarendoniano 1906.	Anna Glenn
Cicero	Lucullus	Perseus	O. Plasberg, Academicorum reliquiae cum Lucullo. Leipzig: T eubner, 1922.	Anna Glenn
Cicero	Orator	Perseus	A. S. Wilkins, M. Tulli Ciceronis Rhetorica, Tomus II. Oxon ii: e Typographeo Clarendoniano, 1911.	Anna Glenn
Cicero	Paradoxa stoicorum ad M. Brutum	Perseus	J. G. Baiter, M. Tullii Ciceronis opera quae supersunt omnia. Leipzig: Tauchnitz, 1865.	Anna Glenn
Cicero	Philippicae	Perseus	Albert Clark, M. Tulli Ciceronis Orationes: Recognovit breviqve adnotatione critica instrvxit Albertus Curtis Clark Collegii Reginae Socius. Oxford: e Typographeo Clarendoniano, 1918.	Anna Glenn
Cicero	Post reditum in senatu	Perseus	Albert Clark, M. Tulli Ciceronis Orationes: Recognovit brevique adnotatione critica instruxit
Cicero	Pro A. Caecina	Perseus	Albert Clark, M. Tulli Ciceronis Orationes: Recognovit brevique adnotatione critica instruxit Albertus Curtis Clark. Oxonii: e Typographeo Clarendoniano, 1909.	Anna Glenn
Cicero	Pro Archia	Perseus	Albert Clark, M. Tulli Ciceronis Orationes: Recognovit brevique adnotatione critica instruxit Albertus Curtis Clark. Oxonii: e Typographeo Clarendoniano, 1909.	Anna Glenn
Cicero	Pro Balbo	Perseus	Albert Clark, M. Tulli Ciceronis Orationes: Recognovit brevique adnotatione critica instruxit Albertus Curtis Clark. Oxonii: e Typographeo Clarendoniano, 1909.	Anna Glenn
Cicero	Pro C. Rabiro perduellionis reo	Perseus	Albert Clark, M. Tulli Ciceronis Orationes: Recognovit brevique adnotatione critica instruxit Albertus Curtis Clark. Oxonii: e Typographeo Clarendoniano, 1909.	Anna Glenn
Cicero	Pro C. Rabiro postumo	Perseus	Albert Clark, M. Tulli Ciceronis Orationes: Recognovit brevique adnotatione critica instruxit Albertus Curtis Clark. Oxonii: e Typographeo Clarendoniano, 1909.	Anna Glenn
Cicero	Pro Cluentio	Perseus	Albert Clark, M. Tulli Ciceronis Orationes: Recognovit brevique adnotatione critica instruxit Albertus Curtis Clark Collegii Reginae Socius. Oxonii: e Typographeo Clarendoniano, 1908.	Anna Glenn
Cicero	Pro Fonteio	Perseus	Albert Clark, M. Tulli Ciceronis Orationes: Recognovit brevique adnotatione critica instruxit Albertus Curtis Clark. Oxonii: e Typographeo Clarendoniano, 1909.	Anna Glenn
Cicero	Pro L. Flacco	Perseus	Albert Clark, M. Tulli Ciceronis Orationes: Recognovit brevique adnotatione critica instruxit Albertus Curtis Clark. Oxonii: e Typographeo Clarendoniano, 1909.	Anna Glenn
Cicero	Pro Ligario	Perseus	Albert Clark, M. Tulli Ciceronis Orationes: Recognovit breviqve adnotatione critica instrvxit Albertus Curtis Clark Collegii Reginae Socius. Oxford: e Typographeo Clarendoniano, 1918.	Anna Glenn
Cicero	Pro M. Caelio	Perseus	Albert Clark, M. Tulli Ciceronis Orationes: Recognovit brevique adnotatione critica instruxit Albertus Curtis Clark Collegii Reginae Socius. Oxonii: e Typographeo Clarendoniano, 1908.	Anna Glenn
Cicero	Pro Marcello	Perseus	Albert Clark, M. Tulli Ciceronis Orationes: Recognovit breviqve adnotatione critica instrvxit Albertus Curtis Clark Collegii Reginae Socius. Oxford: e Typographeo Clarendoniano, 1918.	Anna Glenn
Cicero	Pro Milone	Perseus	Albert Clark, M. Tulli Ciceronis Orationes: Recognovit breviqve adnotatione critica instrvxit Albertus Curtis Clark Collegii Reginae Socius. Oxford: e Typographeo Clarendoniano, 1918.	Anna Glenn
Cicero	Pro Murena	Perseus	Albert Clark, M. Tulli Ciceronis Orationes: Recognovit brevique adnotatione critica instruxit Albertus Curtis Clark Collegii Reginae Socius. Oxonii: e Typographeo Clarendoniano, 1908.	Anna Glenn
Cicero	Pro Plancio	Perseus	Albert Clark, M. Tulli Ciceronis Orationes: Recognovit brevique adnotatione critica instruxit Albertus Curtis Clark. Oxonii: e Typographeo Clarendoniano, 1909.	Anna Glenn
Cicero	Pro Publius Quincto	Perseus	Albert Clark, M. Tulli Ciceronis Orationes: Recognovit brevique adnotatione critica instruxit Albertus Curtis Clark. Oxonii: e Typographeo Clarendoniano, 1909.	Anna Glenn
Cicero	Pro Q. Roscio comoedo	Perseus	Albert Clark, M. Tulli Ciceronis Orationes: Recognovit brevique adnotatione critica instruxit Albertus Curtis Clark. Oxonii: e Typographeo Clarendoniano, 1909.	Anna Glenn
Cicero	Pro Rabiro perduellionis reo	Perseus	Albert Clark, M. Tulli Ciceronis Orationes: Recognovit brevique adnotatione critica instruxit Albertus Curtis Clark. Oxonii: e Typographeo Clarendoniano, 1909.	Anna Glenn
Cicero	Pro Rege Deiotaro	Perseus	Albert Clark, M. Tulli Ciceronis Orationes: Recognovit breviqve adnotatione critica instrvxit Albertus Curtis Clark Collegii Reginae Socius. Oxford: e Typographeo Clarendoniano, 1918.	Anna Glenn
Cicero	Pro S. Roscio	Perseus	Albert Clark, M. Tulli Ciceronis Orationes: Recognovit brevique adnotatione critica instruxit Albertus Curtis Clark Collegii Reginae Socius. Oxonii: e Typographeo Clarendoniano, 1908.	Anna Glenn
Cicero	Pro Scauro	Perseus	Albert Clark, M. Tulli Ciceronis Orationes:Recognovit brevique adnotatione critica instruxitAlbertus Curtis Clark. Oxonii: e Typographeo Clarendoniano, 1909.	Anna Glenn
Cicero	Pro Sestio	Perseus	Albert Clark, M. Tulli Ciceronis Orationes: Recognovit brevique adnotatione critica instruxit Albertus Curtis Clark. Oxonii: e Typographeo Clarendoniano, 1909.	Anna Glenn
Cicero	Pro Sulla	Perseus	Albert Clark, M. Tulli Ciceronis Orationes: Recognovit brevique adnotatione critica instruxit Albertus Curtis Clark. Oxonii: e Typographeo Clarendoniano, 1909.	Anna Glenn
Cicero	Pro Tullio	Perseus	Albert Clark, M. Tulli Ciceronis Orationes: Recognovit brevique adnotatione critica instruxit Albertus Curtis Clark. Oxonii: e Typographeo Clarendoniano, 1909.	Anna Glenn
Cicero	Timaeus	Perseus	C. F. W. Mueller, Lipsiae: in aedibus B. G. Teubneri, 1900.	Anna Glenn
Cicero	Topica	Perseus	A. S. Wilkins, M. Tulli Ciceronis Rhetorica, Tomus II. Oxon ii: e Typographeo Clarendoniano, 1911.	Anna Glenn
Cicero	Tusculanae Disputationes	Perseus	M. Pohlenz, Tusculanae Disputationes. Leipzig: Teubner, 191 8.	Anna Glenn
Claudianus	De consulatu Stilichonis	Perseus	Maurice Platnaeur, Claudian, Vol 1-2. London; New York: William Heinemann; G.P. Putnam's Sons, 1922.
Claudianus	Epithalamium de nuptiis Honorii Augusti	Perseus	Maurice Platnaeur, Claudian, Vol 1. London; New York: William Heinemann; G.P. Putnam's Sons, 1922.
Claudianus	de Bello Gothico	Perseus	Maurice Platnaeur, Claudian, Vol 2. London; New York: William Heinemann; G.P. Putnam's Sons, 1922.
Claudianus	de raptu Proserpinae	Perseus	Maurice Platnaeur, Claudian, Vol 2. London; New York: William Heinemann; G.P. Putnam's Sons, 1922.
Clement of Alexandria	Exhortation to Endurance, or to the Newly Baptized	Perseus	Clement of Alexandria. G.W. Butterworth. Clement of Alexandria, with an English Translation by G.W. Butterworth. William Heinemann Ltd; G.P. Putnam's Sons. London; New York. 1919.	Katherine Roache
Clement of Alexandria	Protrepticus	Perseus	Clement of Alexandria. G.W. Butterworth. Clement of Alexandria, with an English Translation by G.W. Butterworth. William Heinemann Ltd; G.P. Putnam's Sons. London; New York. 1919.	Katherine Roache
Clement of Alexandria	Quis Dis Salvetur	Perseus	Clement of Alexandria. G.W. Butterworth. Clement of Alexandria, with an English Translation by G.W. Butterworth. William Heinemann Ltd; G.P. Putnam's Sons. London; New York. 1919.	Katherine Roache
Colluthus	Rape of Helen	Perseus	Colluthus. A. W. Mair. Oppian, Colluthus, Tryphiodorus with an English Translation by A.W. Mair. London, William Heinemann, Ltd.; New York: G.P. Putnam's Sons. 1928.	Katherine Roache
Columella	Res Rustica, Books I-IV	Perseus	Harrison Boyd Ash, On Agriculture, Volume 1.. London: Willi am Heinemann; Harvard University, 1940.	Anna Glenn
Columella	Res Rustica, Books V-IX	Perseus	E.S. Forster, On Agriculture, Volume 2.. London: William He inemann; Harvard University, 1954.	Anna Glenn
Curtius Rufus	Historiae Alexandri Magni	Perseus	Edmund Hedicke, Historiarum Alexandri Magni Macedonis libri qui supersunt. Lipsiae: in aedibus B.G. Teubneri, 1908.	Anna Glenn
Demades	On the Twelve Years	Perseus	Demades. Minor Attic Orators in two volumes, 2, with an English translation by J. O. Burtt, M.A. Cambridge, MA, Harvard University Press; London, William Heinemann Ltd. 1962.	Katherine Roache
Demosthenes	Against Androtion	Perseus	Demosthenes. Demosthenis Orationes. ed. S. H. Butcher and W. Rennie. Oxonii. E Typographeo Clarendoniano. 1907 and 1921.	Katherine Roache
Demosthenes	Against Apatourius	Perseus	Demosthenes. Demosthenis Orationes. ed. W. Rennie. Oxonii. E Typographeo Clarendoniano. 1921.	Katherine Roache
Demosthenes	Against Aphobus (29)	Perseus	Demosthenes. Demosthenis Orationes. ed. S. H. Butcher and W. Rennie. Oxonii. E Typographeo Clarendoniano. 1907 and 1921.	Katherine Roache
Demosthenes	Against Aphobus 1	Perseus	Demosthenes. Demosthenis Orationes. ed. S. H. Butcher and W. Rennie. Oxonii. E Typographeo Clarendoniano. 1907 and 1921.	Katherine Roache
Demosthenes	Against Aphobus 2	Perseus	Demosthenes. Demosthenis Orationes. ed. S. H. Butcher and W. Rennie. Oxonii. E Typographeo Clarendoniano. 1907 and 1921.	Katherine Roache
Demosthenes	Against Aristocrates	Perseus	Demosthenes. Demosthenis Orationes. ed. S. H. Butcher and W. Rennie. Oxonii. E Typographeo Clarendoniano. 1907 and 1921.	Katherine Roache
Demosthenes	Against Aristogiton 1	Perseus	Demosthenes. Demosthenis Orationes. ed. S. H. Butcher and W. Rennie. Oxonii. E Typographeo Clarendoniano. 1907 and 1921.	Katherine Roache
Demosthenes	Against Aristogiton 2	Perseus	Demosthenes. Demosthenis Orationes. ed. S. H. Butcher and W. Rennie. Oxonii. E Typographeo Clarendoniano. 1907 and 1921.	Katherine Roache
Demosthenes	Against Boeotus 1	Perseus	Demosthenes. Demosthenis Orationes. ed. W. Rennie. Oxonii. E Typographeo Clarendoniano. 1921.	Katherine Roache
Demosthenes	Against Boeotus 2	Perseus	Demosthenes. Demosthenis Orationes. ed. W. Rennie. Oxonii. E Typographeo Clarendoniano. 1921.	Katherine Roache
Demosthenes	Against Callicles	Perseus	Demosthenes. Demosthenis Orationes. ed. W. Rennie. Oxonii.e Typographeo Clarendoniano. 1931.	Katherine Roache
Demosthenes	Against Callippus	Perseus	Demosthenes. Demosthenis Orationes. ed. W. Rennie. Oxonii.e Typographeo Clarendoniano. 1931.	Katherine Roache
Demosthenes	Against Conon	Perseus	Demosthenes. Demosthenis Orationes. ed. W. Rennie. Oxonii.e Typographeo Clarendoniano. 1931.	Katherine Roache
Demosthenes	Against Dionysodorus	Perseus	Demosthenes. Demosthenis Orationes. ed. W. Rennie. Oxonii.e Typographeo Clarendoniano. 1931.	Katherine Roache
Demosthenes	Against Eubulides	Perseus	Demosthenes. Demosthenis Orationes. ed. W. Rennie. Oxonii.e Typographeo Clarendoniano. 1931.	Katherine Roache
Demosthenes	Against Evergus and Mnesibulus	Perseus	Demosthenes. Demosthenis Orationes. ed. W. Rennie. Oxonii.e Typographeo Clarendoniano. 1931.	Katherine Roache
Demosthenes	Against Lacritus	Perseus	Demosthenes. Demosthenis Orationes. ed. W. Rennie. Oxonii. E Typographeo Clarendoniano. 1921.	Katherine Roache
Demosthenes	Against Leochares	Perseus	Demosthenes. Demosthenis Orationes. ed. W. Rennie. Oxonii.e Typographeo Clarendoniano. 1931.	Katherine Roache
Demosthenes	Against Leptines	Perseus	Demosthenes. Demosthenis Orationes. ed. S. H. Butcher. Oxonii.e Typographeo Clarendoniano. 1903.	Katherine Roache
Demosthenes	Against Macartatus	Perseus	Demosthenes. Demosthenis Orationes. ed. W. Rennie. Oxonii.e Typographeo Clarendoniano. 1931.	Katherine Roache
Demosthenes	Against Midias	Perseus	Demosthenes. Demosthenis Orationes. ed. S. H. Butcher and W. Rennie. Oxonii. E Typographeo Clarendoniano. 1907 and 1921.	Katherine Roache
Demosthenes	Against Nausimachus and Xenopeithes	Perseus	Demosthenes. Demosthenis Orationes. ed. W. Rennie. Oxonii. E Typographeo Clarendoniano. 1921.	Katherine Roache
Demosthenes	Against Neaera	Perseus	Demosthenes. Demosthenis Orationes. ed. W. Rennie. Oxonii.e Typographeo Clarendoniano. 1931.	Katherine Roache
Demosthenes	Against Nicostratus	Perseus	Demosthenes. Demosthenis Orationes. ed. W. Rennie. Oxonii.e Typographeo Clarendoniano. 1931.	Katherine Roache
Demosthenes	Against Olympiodorus	Perseus	Demosthenes. Demosthenis Orationes. ed. W. Rennie. Oxonii.e Typographeo Clarendoniano. 1931.	Katherine Roache
Demosthenes	Against Onetor (30)	Perseus	Demosthenes. Demosthenis Orationes. ed. S. H. Butcher and W. Rennie. Oxonii. E Typographeo Clarendoniano. 1907 and 1921.	Katherine Roache
Demosthenes	Against Onetor (31)	Perseus	Demosthenes. Demosthenis Orationes. ed. W. Rennie. Oxonii. E Typographeo Clarendoniano. 1921.	Katherine Roache
Demosthenes	Against Pantaenetus	Perseus	Demosthenes. Demosthenis Orationes. ed. W. Rennie. Oxonii. E Typographeo Clarendoniano. 1921.	Katherine Roache
Demosthenes	Against Phaenippus	Perseus	Demosthenes. Demosthenis Orationes. ed. W. Rennie. Oxonii.e Typographeo Clarendoniano. 1931.	Katherine Roache
Demosthenes	Against Phormio	Perseus	Demosthenes. Demosthenis Orationes. ed. W. Rennie. Oxonii. E Typographeo Clarendoniano. 1921.	Katherine Roache
Demosthenes	Against Polycles	Perseus	Demosthenes. Demosthenis Orationes. ed. W. Rennie. Oxonii.e Typographeo Clarendoniano. 1931.	Katherine Roache
Demosthenes	Against Spudias	Perseus	Demosthenes. Demosthenis.Orationes. ed. W. Rennie. Oxonii.e Typographeo Clarendoniano. 1931.	Katherine Roache
Demosthenes	Against Stephanus 1	Perseus	Demosthenes. Demosthenis Orationes. ed. W. Rennie. Oxonii.e Typographeo Clarendoniano. 1931.	Katherine Roache
Demosthenes	Against Stephanus 2	Perseus	Demosthenes. Demosthenis Orationes. ed. W. Rennie. Oxonii.e Typographeo Clarendoniano. 1931.	Katherine Roache
Demosthenes	Against Theocrines	Perseus	Demosthenes. Demosthenis Orationes. ed. W. Rennie. Oxonii.e Typographeo Clarendoniano. 1931.	Katherine Roache
Demosthenes	Against Timocrates	Perseus	Demosthenes. Demosthenis Orationes. ed. S. H. Butcher and W. Rennie. Oxonii. E Typographeo Clarendoniano. 1907 and 1921.	Katherine Roache
Demosthenes	Against Timotheus	Perseus	Demosthenes. Demosthenis Orationes. ed. W. Rennie. Oxonii.e Typographeo Clarendoniano. 1931.	Katherine Roache
Demosthenes	Against Zenothemis	Perseus	Demosthenes. Demosthenis Orationes. ed. W. Rennie. Oxonii. E Typographeo Clarendoniano. 1921.	Katherine Roache
Demosthenes	Erotic Essay	Perseus	Demosthenes. Demosthenis Orationes. ed. W. Rennie. Oxonii.e Typographeo Clarendoniano. 1931.	Katherine Roache
Demosthenes	Exordia	Perseus	Demosthenes. Orationes. ed. W. Rennie. Oxford: Clarendon Press. 1931.	Katherine Roache
Demosthenes	For Phormio	Perseus	Demosthenes. Demosthenis Orationes. ed. W. Rennie. Oxonii. E Typographeo Clarendoniano. 1921.	Katherine Roache
Demosthenes	For the Megalopitans	Perseus	Demosthenes. Demosthenis Orationes. ed. S. H. Butcher. Oxonii.e Typographeo Clarendoniano. 1903.	Katherine Roache
Demosthenes	Funeral Speech	Perseus	Demosthenes. Demosthenis Orationes. ed. W. Rennie. Oxonii.e Typographeo Clarendoniano. 1931.	Katherine Roache
Demosthenes	Letters	Perseus	Demosthenes. Orationes. ed. W. Rennie. Oxford: Clarendon Press. 1931.	Katherine Roache
Demosthenes	Olynthiac 1	Perseus	Demosthenes. Demosthenis Orationes. ed. S. H. Butcher. Clarendon Press, Oxford. 1903.	Katherine Roache
Demosthenes	Olynthiac 2	Perseus	Demosthenes. Demosthenis Orationes. ed. S. H. Butcher. Clarendon Press, Oxford. 1903.	Katherine Roache
Demosthenes	Olynthiac 3	Perseus	Demosthenes. Demosthenis Orationes. ed. S. H. Butcher. Clarendon Press, Oxford. 1903	Katherine Roache
Demosthenes	On Organization	Perseus	Demosthenes. Demosthenis Orationes. ed. S. H. Butcher. Oxonii.e Typographeo Clarendoniano. 1903.	Katherine Roache
Demosthenes	On the Accession of Alexander	Perseus	Demosthenes. Demosthenis Orationes. ed. S. H. Butcher. Oxonii.e Typographeo Clarendoniano. 1903.	Katherine Roache
Demosthenes	On the Chersonese	Perseus	Demosthenes. Demosthenis Orationes. ed. S. H. Butcher. Clarendon Press, Oxford. 1903.	Katherine Roache
Demosthenes	On the Crown	Perseus	Demosthenes. Demosthenis Orationes. ed. S. H. Butcher. Oxonii.e Typographeo Clarendoniano. 1903.	Katherine Roache
Demosthenes	On the False Embassy	Perseus	Demosthenes. Demosthenis Orationes. ed. S. H. Butcher. Oxonii.e Typographeo Clarendoniano. 1903.	Katherine Roache
Demosthenes	On the Halonnesus	Perseus	Demosthenes. Demosthenis Orationes. ed. S. H. Butcher. Clarendon Press, Oxford. 1903.	Katherine Roache
Demosthenes	On the Liberty of the Rhodians	Perseus	Demosthenes. Demosthenis Orationes. ed. S. H. Butcher. Oxonii.e Typographeo Clarendoniano. 1903.	Katherine Roache
Demosthenes	On the Navy	Perseus	Demosthenes. Demosthenis Orationes. ed. S. H. Butcher. Oxonii.e Typographeo Clarendoniano. 1903.	Katherine Roache
Demosthenes	On the Peace	Perseus	Demosthenes. Demosthenis Orationes. ed. S. H. Butcher. Clarendon Press, Oxford. 1903.	Katherine Roache
Demosthenes	On the Trierarchic Crown	Perseus	Demosthenes. Demosthenis Orationes. ed. W. Rennie. Oxonii.e Typographeo Clarendoniano. 1931.	Katherine Roache
Demosthenes	Philip	Perseus	Demosthenes. Demosthenis Orationes. ed. S. H. Butcher. Oxonii.e Typographeo Clarendoniano. 1903.	Katherine Roache
Demosthenes	Philippic 1	Perseus	Demosthenes. Demosthenis Orationes. ed. S. H. Butcher. Clarendon Press, Oxford. 1903.	Katherine Roache
Demosthenes	Philippic 2	Perseus	Demosthenes. Demosthenis Orationes. ed. S. H. Butcher. Clarendon Press, Oxford. 1903.	Katherine Roache
Demosthenes	Philippic 3	Perseus	Demosthenes. Demosthenis Orationes. ed. S. H. Butcher. Clarendon Press, Oxford. 1903.	Katherine Roache
Demosthenes	Philippic 4	Perseus	Demosthenes. Demosthenis Orationes. ed. S. H. Butcher. Clarendon Press, Oxford. 1903.	Katherine Roache
Demosthenes	Reply to Philip	Perseus	Demosthenes. Demosthenis Orationes. ed. S. H. Butcher. Oxonii.e Typographeo Clarendoniano. 1903.	Katherine Roache
Dinarchus	Against Aristogiton	Perseus	Dinarchus. Minor Attic Orators in two volumes, 2, with an English translation by J. O. Burtt, M.A. Cambridge, MA, Harvard University Press; London, William Heinemann Ltd. 1962.	Katherine Roache
Dinarchus	Against Demosthenes	Perseus	Dinarchus. Minor Attic Orators in two volumes, 2, with an English translation by J. O. Burtt, M.A. Cambridge, MA, Harvard University Press; London, William Heinemann Ltd. 1962.	Katherine Roache
Dinarchus	Against Philocles	Perseus	Dinarchus. Minor Attic Orators in two volumes, 2, with an English translation by J. O. Burtt, M.A. Cambridge, MA, Harvard University Press; London, William Heinemann Ltd. 1962.	Katherine Roache
Dionysius of Halicarnassus	Ad Ammaeum	Perseus	Hermann Usener, Dionysii Halicarnasei Quae Exstant, Volumen Quintum. Leipzig: In Aedibus B.G. Teubneri, 1899.	Caitlin Diddams
Dionysius of Halicarnassus	Antiquitates Romanae, Books I-XX	Perseus	Karl Jacoby, Dionysii Halicarnasei Antiquitatum Romanarum quae supersunt, Vol I-IV. Leipzig: In Aedibus B.G. Teubneri, 1885.	Caitlin Diddams
Dionysius of Halicarnassus	De Antiquis Oratoribus	Perseus	Hermann Usener, Dionysii Halicarnasei Quae Exstant, Volumen Quintum. Leipzig: In Aedibus B.G. Teubneri, 1899.	Caitlin Diddams
Dionysius of Halicarnassus	De Compositione Verborum	Perseus	Ludwig Radermacher, Dionysii Halicarnasei Quae Exstant, Volumen Sextum. Leipzig: In Aedibus B.G. Teubneri, 1904.	Caitlin Diddams
Dionysius of Halicarnassus	De Demosthene	Perseus	Hermann Usener, Dionysii Halicarnasei Quae Exstant, Volumen Quintum. Leipzig: In Aedibus B.G. Teubneri, 1899.	Caitlin Diddams
Dionysius of Halicarnassus	De Dinarcho	Perseus	Hermann Usener, Dionysii Halicarnasei Quae Exstant, Volumen Quintum. Leipzig: In Aedibus B.G. Teubneri, 1899.	Caitlin Diddams
Dionysius of Halicarnassus	De Isaeo	Perseus	Hermann Usener, Dionysii Halicarnasei Quae Exstant, Volumen Quintum. Leipzig: In Aedibus B.G. Teubneri, 1899.	Caitlin Diddams
Dionysius of Halicarnassus	De Isocrate	Perseus	Hermann Usener, Dionysii Halicarnasei Quae Exstant, Volumen Quintum. Leipzig: In Aedibus B.G. Teubneri, 1899.	Caitlin Diddams
Dionysius of Halicarnassus	De Lysia	Perseus	Hermann Usener, Dionysii Halicarnasei Quae Exstant, Volumen Quintum. Leipzig: In Aedibus B.G. Teubneri, 1899.	Caitlin Diddams
Dionysius of Halicarnassus	De Thucydide	Perseus	Hermann Usener, Dionysii Halicarnasei Quae Exstant, Volumen Quintum. Leipzig: In Aedibus B.G. Teubneri, 1899.	Caitlin Diddams
Dionysius of Halicarnassus	De Thucydidis idiomatibus (epistula ad Ammaeum)	Perseus	Hermann Usener, Dionysii Halicarnasei Quae Exstant, Volumen Quintum. Leipzig: In Aedibus B.G. Teubneri, 1899.	Caitlin Diddams
Dionysius of Halicarnassus	Epistula ad Pompeium Geminum	Perseus	Ludwig Radermacher, Dionysii Halicarnasei Quae Exstant, Volumen Sextum. Leipzig: In Aedibus B.G. Teubneri, 1904.	Caitlin Diddams
Dionysius of Halicarnassus	Libri secundi de antiquis oratoribus reliquiae	Perseus	Hermann Usener, Dionysii Halicarnasei Quae Exstant, Volumen Quintum. Leipzig: In Aedibus B.G. Teubneri, 1899.	Caitlin Diddams
Euclid	Elements	Perseus	J. L. Heiberg, Euclidis Elementa. Leipzig: Teubner, 1883-1888.	Caitlin Diddams
Euripides	Alcestis	Perseus	David Kovacs, Euripides, with an English translation by David Kovacs. Cambridge: Harvard University Press, forthcoming.	Tony R. Waleszczak & Jessica Micceri
Euripides	Andromache	Perseus	David Kovacs, Euripides, with an English translation by David Kovacs. Cambridge: Harvard University Press, forthcoming.	Tony R. Waleszczak & Jessica Micceri
Euripides	Bacchae	Perseus	Gilbert Murray, Euripidis Fabulae, vol. 3. Oxford: Clarendon Press, Oxford, 1913.	Tony R. Waleszczak & Jessica Micceri
Euripides	Cyclops	Perseus	David Kovacs, Euripides, with an English translation by David Kovacs. Cambridge: Harvard University Press, forthcoming.	Tony R. Waleszczak & Jessica Micceri
Euripides	Electra	Perseus	Gilbert Murray, Euripidis Fabulae, vol 2.. Oxford: Clarendon Press, Oxford, 1913.	Tony R. Waleszczak & Jessica Micceri
Euripides	Hecuba	Perseus	Gilbert Murray, Euripidis Fabulae, vol. 1. Oxford: Clarendon Press, Oxford, 1902.	Tony R. Waleszczak & Jessica Micceri
Euripides	Helen	Perseus	Gilbert Murray, Euripidis Fabulae, vol. 3. Oxford: Clarendon Press, Oxford, 1913.	Tony R. Waleszczak & Jessica Micceri
Euripides	Heracleidae	Perseus	David Kovacs, Euripides, with an English translation by David Kovacs. Cambridge: Harvard University Press, forthcoming.	Tony R. Waleszczak & Jessica Micceri
Euripides	Heracles	Perseus	Gilbert Murray, Euripidis Fabulae, vol. 2. Oxford: Clarendon Press, Oxford, 1913.	Tony R. Waleszczak & Jessica Micceri
Euripides	Hippolytus	Perseus	David Kovacs, Euripides, with an English translation by David Kovacs. Cambridge: Harvard University Press, forthcoming.	Tony R. Waleszczak & Jessica Micceri
Euripides	Ion	Perseus	Gilbert Murray, Euripidis Fabulae, vol. 2. Oxford: Clarendn Press, Oxford, 1913.	Tony R. Waleszczak & Jessica Micceri
Euripides	Iphigenia in Aulis	Perseus	Gilbert Murray, Euripidis Fabulae, vol. 3. Oxford: Clarendn Press, Oxford, 1913.	Tony R. Waleszczak & Jessica Micceri
Euripides	Iphigenia in Tauris	Perseus	Gilbert Murray, Euripidis Fabulae, vol. 2. Oxford: Clarendon Press, Oxford, 1913.	Tony R. Waleszczak & Jessica Micceri
Euripides	Medea	Perseus	David Kovacs, Euripides, with an English translation by David Kovacs. Cambridge: Harvard University Press, forthcoming.	Tony R. Waleszczak & Jessica Micceri
Euripides	Orestes	Perseus	Gilbert Murray, Euripidis Fabulae, vol. 3. Oxford: Clarendon Press, Oxford, 1913.	Tony R. Waleszczak & Jessica Micceri
Euripides	Phoenissae	Perseus	Gilbert Murray, Euripidis Fabulae, vol. 3. Oxford: Clarendon Press, Oxford, 1913.	Tony R. Waleszczak & Jessica Micceri
Euripides	Rhesus	Perseus	Gilbert Murray, Euripidis Fabulae, vol. 3. Oxford: Clarendon Press, Oxford, 1913.	Tony R. Waleszczak & Jessica Micceri
Euripides	Suppliants	Perseus	Gilbert Murray, Euripidis Fabulae, vol 2.. Oxford: Clarendon Press, Oxford, 1913.	Tony R. Waleszczak & Jessica Micceri
Euripides	The Trojan Women	Perseus	Gilbert Murray, Euripidis Fabulae, vol. 2. Oxford: Clarendon Press, Oxford, 1913.	Tony R. Waleszczak & Jessica Micceri
Eusebius of Caesarea	Historia ecclesiastica	Perseus	Kirsopp Lake, Eusebius, The Ecclesiastical History, Vol 1-2. London; New York: William Heinemann; G.P. Putnam's Press; Harvard University Press, 1926-1932.	Jessica Micceri
Felix, Marcus Mincius	Octavius	Perseus	Gerald H. Rendall, Tertullian-Minucius Felix. London; Cambr idge, Massachusetts: William Heinemann Ltd.; Harvard University Press, 1931.	Anna Glenn
Flavius Josephus	Antiquitates Judaicae	Perseus	B. Niese, Flavii Iosephi opera. Berlin: Weidmann, 1892.	Jessica Micceri
Flavius Josephus	Contra Apionem	Perseus	B. Niese, Flavii Iosephi opera. Berlin: Weidmann, 1892.	Jessica Micceri
Flavius Josephus	De Bello Judaico Libri Vii	Perseus	B. Niese, Flavii Iosephi opera. Berlin: Weidmann, 1895.	Jessica Micceri
Florus	Epitome Rerum Romanorum	Perseus	Edward Seymour Forster, Lucius Annaeus Florus, Epitome of Roman history.London: William Heinemann; New York: G.P. Putnam's Sons, 1929.	Anna Glenn
Galen	On the Natural Faculties.	Perseus	A.J. Brock, On the Natural Faculties.. Cambridge, Mass.: Harvard University Press, July 1, 2005.	Jessica Micceri
Gellius	Attic Nights	Perseus	John C. Rolfe, With An English Translation. Cambridge: Camb ridge, Mass., Harvard University Press; London, William Heinemann, Ltd., 1927.</td>	Anna Glenn
Glass	Washingtonii Vita	Perseus	J.N. Reynolds, Washingtonii Vita. New York: Harper & Brothe rs, 1842.	Anna Glenn
Herodotus	The Histories	Perseus	Herodotus, with an English translation by A. D. Godley. Cambridge: Harvard University Press, 1920.	Jessica Micceri
Hippocrates	Hippocrates Collected Works I	Perseus	W. H. S. Jones, Hippocrates Collected Works I. Cambridge: Harvard University Press, February 1, 2005.	Jessica Micceri
Horace	Ars Poetica	Perseus	C. Smart, The Works of Horace. Philadelphia: Joseph Whetham, 1836.	Chris Forstall
Horace	Carmen Saeculare	Latin Library	Paul Shorey, Horace: Odes and Epodes. Boston: Benj. H. Sanborn & Co.	Chris Forstall
Horace	Epistles	Perseus	H. Rushton Fairclough, Horace: Satires, Epistles and Ars Poetica. Harvard University Press, 1929.	Chris Forstall
Horace	Epodes	Perseus	F. Vollmer, Q. Horati Flacci Carmina. Leipzig: Teubner, 1912.	Chris Forstall
Horace	Odes	Perseus	Paul Shorey and Gordon J. Laing, Horace: Odes and Epodes. Chicago: Benj. H. Sanborn & Co., 1919.	Chris Forstall
Horace	Satires	Perseus	C. Smart, The Works of Horace. Philadelphia: Joseph Whetham, 1836.	Chris Forstall
Hyperides	Speeches (Greek). Machine readable text	Perseus	Minor Attic Orators in two volumes, 2, with an English translation by J. O. Burtt, M.A..Cambridge, MA, Harvard University Press; London, William Heinemann Ltd., 1962.	Jessica Micceri
Isaeus	Speeches (Greek). Machine readable text	Perseus	Isaeus with an English translation by Edward Seymour Forster, M.A..Cambridge, MA, Harvard University Press; London, William Heinemann Ltd., 1962.	Jessica Micceri
Jerome	Epistulae. Selections.	Perseus	F.A. Wright, Select Letters of St. Jerome. London; Cambridg e, Massachusetts: William Heinemann Ltd.; Harvard University Press, 1933.	Anna Glenn
Jerome	Vulgate	Perseus	Saint Jerome, Vulgate Bible.Bible Foundation and On-Line Book Initiative; ftp.std.com/obi/Religion/Vulga te: 13-Oct-99.	Tony R Waleszczak
Julius Caesar	De Bello Gallico	Perseus	T. Rice Holmes, C. Iuli Commentarii Rerum in Gallia Gestarum VII A. Hirti Commentarius VII. Oxonii: e Typographeo Clarendoniano, 1914.	Anna Glenn
Juvenal	Satires	Perseus	G. G. Ramsay, Juvenal and Persius: With An English Translation New York: G. P. Putnam’s Sons, 1918.	Chris Forstall
Livy	Ab urbe condita, books 1-10, 21-45	Perseus	W. Weissenborn, Titi Livi ab urbe condita libri Leipzig: Teubner, 1898.	Anna Glenn
Lucan	Pharsalia	Perseus	Carolus Hermannus Weise, M. Annaei Lucani Pharsaliae Libri X, (Leipzig: G. Bassus 1835)	Chris Forstall
Lucian	Abdicatus	Perseus	Karl Jacobitz, Luciani Samosatensis Opera, Vol I. Leipzig: in aedibus B. G. Teubneri, 1896.	Caitlin Diddams
Lucian	Adversus indoctum et libros multos ementem	Perseus	Karl Jacobitz, Luciani Samosatensis Opera, Vol I. Leipzig: in aedibus B. G. Teubneri, 1896.	Caitlin Diddams
Lucian	Alexander	Perseus	Karl Jacobitz, Luciani Samosatensis Opera, Vol I. Leipzig: in aedibus B. G. Teubneri, 1896.	Caitlin Diddams
Lucian	Anacharsis	Perseus	Karl Jacobitz, Luciani Samosatensis Opera, Vol I. Leipzig: in aedibus B. G. Teubneri, 1896.	Caitlin Diddams
Lucian	Apologia	Perseus	Karl Jacobitz, Luciani Samosatensis Opera, Vol I. Leipzig: in aedibus B. G. Teubneri, 1896.	Caitlin Diddams
Lucian	Bacchus	Perseus	Karl Jacobitz, Luciani Samosatensis Opera, Vol I. Leipzig: in aedibus B. G. Teubneri, 1896.	Caitlin Diddams
Lucian	Bis accusatus sive tribunalia	Perseus	Karl Jacobitz, Luciani Samosatensis Opera, Vol I. Leipzig: in aedibus B. G. Teubneri, 1896.	Caitlin Diddams
Lucian	Calumniae non temere credundum	Perseus	Karl Jacobitz, Luciani Samosatensis Opera, Vol I. Leipzig: in aedibus B. G. Teubneri, 1896.	Caitlin Diddams
Lucian	Cataplus	Perseus	Karl Jacobitz, Luciani Samosatensis Opera, Vol I. Leipzig: in aedibus B. G. Teubneri, 1896.	Caitlin Diddams
Lucian	Contemplantes	Perseus	Karl Jacobitz, Luciani Samosatensis Opera, Vol I. Leipzig: in aedibus B. G. Teubneri, 1896.	Caitlin Diddams
Lucian	De Domo	Perseus	Karl Jacobitz, Luciani Samosatensis Opera, Vol I. Leipzig: in aedibus B. G. Teubneri, 1896.	Caitlin Diddams
Lucian	De Syria dea	Perseus	Karl Jacobitz, Luciani Samosatensis Opera, Vol I. Leipzig: in aedibus B. G. Teubneri, 1896.	Caitlin Diddams
Lucian	De astrologia	Perseus	Karl Jacobitz, Luciani Samosatensis Opera, Vol I. Leipzig: in aedibus B. G. Teubneri, 1896.	Caitlin Diddams
Lucian	De luctu	Perseus	Karl Jacobitz, Luciani Samosatensis Opera, Vol I. Leipzig: in aedibus B. G. Teubneri, 1896.	Caitlin Diddams
Lucian	De mercede	Perseus	Karl Jacobitz, Luciani Samosatensis Opera, Vol I. Leipzig: in aedibus B. G. Teubneri, 1896.	Caitlin Diddams
Lucian	De morte Peregrini	Perseus	Karl Jacobitz, Luciani Samosatensis Opera, Vol I. Leipzig: in aedibus B. G. Teubneri, 1896.	Caitlin Diddams
Lucian	De parasito sive artem esse parasiticam	Perseus	Karl Jacobitz, Luciani Samosatensis Opera, Vol I. Leipzig: in aedibus B. G. Teubneri, 1896.	Caitlin Diddams
Lucian	De sacrificiis	Perseus	Karl Jacobitz, Luciani Samosatensis Opera, Vol I. Leipzig: in aedibus B. G. Teubneri, 1896.	Caitlin Diddams
Lucian	De saltatione	Perseus	Karl Jacobitz, Luciani Samosatensis Opera, Vol I. Leipzig: in aedibus B. G. Teubneri, 1896.	Caitlin Diddams
Lucian	Dearum judicium	Perseus	Karl Jacobitz, Luciani Samosatensis Opera, Vol I. Leipzig: in aedibus B. G. Teubneri, 1896.	Caitlin Diddams
Lucian	Demonax	Perseus	Karl Jacobitz, Luciani Samosatensis Opera, Vol I. Leipzig: in aedibus B. G. Teubneri, 1896.	Caitlin Diddams
Lucian	Deorum concilium	Perseus	Karl Jacobitz, Luciani Samosatensis Opera, Vol I. Leipzig: in aedibus B. G. Teubneri, 1896.	Caitlin Diddams
Lucian	Dialogi Marini	Perseus	Karl Jacobitz, Luciani Samosatensis Opera, Vol I. Leipzig: in aedibus B. G. Teubneri, 1896.	Caitlin Diddams
Lucian	Dialogi deorum	Perseus	Karl Jacobitz, Luciani Samosatensis Opera, Vol I. Leipzig: in aedibus B. G. Teubneri, 1896.	Caitlin Diddams
Lucian	Dialogi meretricii	Perseus	Karl Jacobitz, Luciani Samosatensis Opera, Vol III. Leipzig: in aedibus B. G. Teubneri, 1896.	Caitlin Diddams
Lucian	Dialogi mortuorum	Perseus	Karl Jacobitz, Luciani Samosatensis Opera, Vol I. Leipzig: in aedibus B. G. Teubneri, 1896.	Caitlin Diddams
Lucian	Dipsades	Perseus	Karl Jacobitz, Luciani Samosatensis Opera, Vol III. Leipzig: in aedibus B. G. Teubneri, 1896.	Caitlin Diddams
Lucian	Electrum	Perseus	Karl Jacobitz, Luciani Samosatensis Opera, Vol III. Leipzig: in aedibus B. G. Teubneri, 1896.	Caitlin Diddams
Lucian	Eunuchus	Perseus	Karl Jacobitz, Luciani Samosatensis Opera, Vol III. Leipzig: in aedibus B. G. Teubneri, 1896.	Caitlin Diddams
Lucian	Fugitivi	Perseus	Karl Jacobitz, Luciani Samosatensis Opera, Vol III. Leipzig: in aedibus B. G. Teubneri, 1896.	Caitlin Diddams
Lucian	Gallus	Perseus	Karl Jacobitz, Luciani Samosatensis Opera, Vol III. Leipzig: in aedibus B. G. Teubneri, 1896.	Caitlin Diddams
Lucian	Harmonides	Perseus	Karl Jacobitz, Luciani Samosatensis Opera, Vol I. Leipzig: in aedibus B. G. Teubneri, 1896.	Caitlin Diddams
Lucian	Hercules	Perseus	Karl Jacobitz, Luciani Samosatensis Opera, Vol I. Leipzig: in aedibus B. G. Teubneri, 1896.	Caitlin Diddams
Lucian	Hermotimus	Perseus	Karl Jacobitz, Luciani Samosatensis Opera, Vol I. Leipzig: in aedibus B. G. Teubneri, 1896.	Caitlin Diddams
Lucian	Herodotus	Perseus	Karl Jacobitz, Luciani Samosatensis Opera, Vol I. Leipzig: in aedibus B. G. Teubneri, 1896.	Caitlin Diddams
Lucian	Hesiod	Perseus	Karl Jacobitz, Luciani Samosatensis Opera, Vol III. Leipzig: in aedibus B. G. Teubneri, 1896.	Caitlin Diddams
Lucian	Hippias	Perseus	Karl Jacobitz, Luciani Samosatensis Opera, Vol III. Leipzig: in aedibus B. G. Teubneri, 1896.	Caitlin Diddams
Lucian	Icaromenippus	Perseus	Karl Jacobitz, Luciani Samosatensis Opera, Vol III. Leipzig: in aedibus B. G. Teubneri, 1896.	Caitlin Diddams
Lucian	Imagines	Perseus	Karl Jacobitz, Luciani Samosatensis Opera, Vol III. Leipzig: in aedibus B. G. Teubneri, 1896.	Caitlin Diddams
Lucian	Judicium vocalium	Perseus	Karl Jacobitz, Luciani Samosatensis Opera, Vol III. Leipzig: in aedibus B. G. Teubneri, 1896.	Caitlin Diddams
Lucian	Juppiter confuatus	Perseus	Karl Jacobitz, Luciani Samosatensis Opera, Vol III. Leipzig: in aedibus B. G. Teubneri, 1896.	Caitlin Diddams
Lucian	Juppiter trageodeus	Perseus	Karl Jacobitz, Luciani Samosatensis Opera, Vol III. Leipzig: in aedibus B. G. Teubneri, 1896.	Caitlin Diddams
Lucian	Lexiphanes	Perseus	Karl Jacobitz, Luciani Samosatensis Opera, Vol III. Leipzig: in aedibus B. G. Teubneri, 1896.	Caitlin Diddams
Lucian	Macrobii	Perseus	Karl Jacobitz, Luciani Samosatensis Opera, Vol III. Leipzig: in aedibus B. G. Teubneri, 1896.	Caitlin Diddams
Lucian	Muscae Encomium	Perseus	Karl Jacobitz, Luciani Samosatensis Opera, Vol III. Leipzig: in aedibus B. G. Teubneri, 1896.	Caitlin Diddams
Lucian	Navigium	Perseus	Karl Jacobitz, Luciani Samosatensis Opera, Vol III. Leipzig: in aedibus B. G. Teubneri, 1896.	Caitlin Diddams
Lucian	Necyomantia	Perseus	Karl Jacobitz, Luciani Samosatensis Opera, Vol III. Leipzig: in aedibus B. G. Teubneri, 1896.	Caitlin Diddams
Lucian	Nigrinus	Perseus	Karl Jacobitz, Luciani Samosatensis Opera, Vol III. Leipzig: in aedibus B. G. Teubneri, 1896.	Caitlin Diddams
Lucian	Patriae Encomium	Perseus	Karl Jacobitz, Luciani Samosatensis Opera, Vol III. Leipzig: in aedibus B. G. Teubneri, 1896.	Caitlin Diddams
Lucian	Phalaris	Perseus	Karl Jacobitz, Luciani Samosatensis Opera, Vol III. Leipzig: in aedibus B. G. Teubneri, 1896.	Caitlin Diddams
Lucian	Philopsuedes Sive Incredulus	Perseus	Karl Jacobitz, Luciani Samosatensis Opera, Vol III. Leipzig: in aedibus B. G. Teubneri, 1896.	Caitlin Diddams
Lucian	Piscator	Perseus	Karl Jacobitz, Luciani Samosatensis Opera, Vol III. Leipzig: in aedibus B. G. Teubneri, 1896.	Caitlin Diddams
Lucian	Podagra	Perseus	Karl Jacobitz, Luciani Samosatensis Opera, Vol III. Leipzig: in aedibus B. G. Teubneri, 1896.	Caitlin Diddams
Lucian	Pro imaginibus	Perseus	Karl Jacobitz, Luciani Samosatensis Opera, Vol III. Leipzig: in aedibus B. G. Teubneri, 1896.	Caitlin Diddams
Lucian	Pro lapsu inter salutandum	Perseus	Karl Jacobitz, Luciani Samosatensis Opera, Vol I. Leipzig: in aedibus B. G. Teubneri, 1896.	Caitlin Diddams
Lucian	Prometheus	Perseus	Karl Jacobitz, Luciani Samosatensis Opera, Vol I. Leipzig: in aedibus B. G. Teubneri, 1896.	Caitlin Diddams
Lucian	Prometheus es in verbis	Perseus	Karl Jacobitz, Luciani Samosatensis Opera, Vol I. Leipzig: in aedibus B. G. Teubneri, 1896.	Caitlin Diddams
Lucian	Pseudologista	Perseus	Karl Jacobitz, Luciani Samosatensis Opera, Vol I. Leipzig: in aedibus B. G. Teubneri, 1896.	Caitlin Diddams
Lucian	Quomodo historia conscribenda sit	Perseus	Karl Jacobitz, Luciani Samosatensis Opera, Vol II. Leipzig: in aedibus B. G. Teubneri, 1913.	Caitlin Diddams
Lucian	Rhetorum praeceptor	Perseus	Karl Jacobitz, Luciani Samosatensis Opera, Vol II. Leipzig: in aedibus B. G. Teubneri, 1913.	Caitlin Diddams
Lucian	Saturnalia	Perseus	Karl Jacobitz, Luciani Samosatensis Opera, Vol III. Leipzig: in aedibus B. G. Teubneri, 1896.	Caitlin Diddams
Lucian	Scytha	Perseus	Karl Jacobitz, Luciani Samosatensis Opera, Vol I. Leipzig: in aedibus B. G. Teubneri, 1896.	Caitlin Diddams
Lucian	Soleocista	Perseus	Karl Jacobitz, Luciani Samosatensis Opera, Vol III. Leipzig: in aedibus B. G. Teubneri, 1896.	Caitlin Diddams
Lucian	Somnium sive vita Luciani	Perseus	Karl Jacobitz, Luciani Samosatensis Opera, Vol III. Leipzig: in aedibus B. G. Teubneri, 1896.	Caitlin Diddams
Lucian	Symposium	Perseus	Karl Jacobitz, Luciani Samosatensis Opera, Vol III. Leipzig: in aedibus B. G. Teubneri, 1896.	Caitlin Diddams
Lucian	Timon	Perseus	Karl Jacobitz, Luciani Samosatensis Opera, Vol III. Leipzig: in aedibus B. G. Teubneri, 1896.	Caitlin Diddams
Lucian	Toxaris vel amicitia	Perseus	Karl Jacobitz, Luciani Samosatensis Opera, Vol III. Leipzig: in aedibus B. G. Teubneri, 1896.	Caitlin Diddams
Lucian	Tyrannicida	Perseus	Karl Jacobitz, Luciani Samosatensis Opera, Vol III. Leipzig: in aedibus B. G. Teubneri, 1896.	Caitlin Diddams
Lucian	Verae Historiae	Perseus	Karl Jacobitz, Luciani Samosatensis Opera, Vol III. Leipzig: in aedibus B. G. Teubneri, 1896.	Caitlin Diddams
Lucian	Vitarum auctio	Perseus	Karl Jacobitz, Luciani Samosatensis Opera, Vol III. Leipzig: in aedibus B. G. Teubneri, 1896.	Caitlin Diddams
Lucian	Zeuxis	Perseus	Karl Jacobitz, Luciani Samosatensis Opera, Vol I. Leipzig: in aedibus B. G. Teubneri, 1896.	Caitlin Diddams
Lucretius	De Rerum Natura	Perseus	uncredited	Chris Forstall
Lycophron	Alexandra	Perseus	A.W. Mair, Alexandra.London: William Heinemann; New York: G.P. Putnam's Sons, 1921.	Jessica Micceri
Lycurgus	Speeches	Perseus	Kenneth J Maidment Minor Attic Orators in two volumes, 2, with an English translation by J. O. Burtt, M.A.Cambridge, MA, Harvard University Press; London, William Heinemann Ltd., 1962.	Jessica Micceri
Lycurgus	Speeches (Greek). Machine readable text	Perseus	Kenneth J Maidment Minor Attic Orators in two volumes, 2, with an English translation by J. O. Burtt, M.A.Cambridge, MA, Harvard University Press; London, William Heinemann Ltd., 1962.	Jessica Micceri
Marcus Aurelius	M. Antonius Imperator Ad Se Ipsum	Perseus	Jan Hendrik Leopold, M. Antonius Imperator Ad Se Ipsum. Leipzig: in aedibus B. G. Teubneri, 1908.	Emilie Redwood
Martial	Epigrams	Perseus	Wilhelm Heraeus, M. Valerii Martialis Epigrammaton libri. Leipzig: Borovskij, 1925.	Chris Forstall
Nepos	Vitae	Perseus	Albert Fleckeisen, Vitae. Leipzig: Teubner, 1886.	Anna Glenn
Nonnus of Panopolis	Dionysiaca	Perseus	W.H.D. Rouse, Dionysiaca, 3 Vols.Cambridge, MA., Harvard University Press; London, William Heinemann, Ltd., 1940-1942.	Jessica Micceri
Oppian of Apamea	Cynegetica	Perseus	A. W. Mair, Oppian, Colluthus, Tryphiodorus with an English Translation by A.W. Mair.London, William Heinemann, Ltd.; New York: G.P. Putnam's Sons, 1928.	Jessica Micceri
Oppian	Halieutica	Perseus	A. W. Mair, Oppian, Colluthus, Tryphiodorus with an English Translation by A.W. Mair.London, William Heinemann, Ltd.; New York: G.P. Putnam's Sons, 1928.	Jessica Micceri
Ovid	Amores	Perseus	R. Ehwald, Amores, Epistulae, Medicamina faciei femineae, Ars amatoria, Remedia amoris (Teubner 1907)	Chris Forstall
Ovid	Ars Amatoria	Perseus	R. Ehwald, Amores, Epistulae, Medicamina faciei femineae, Ars amatoria, Remedia amoris (Teubner 1907)	Chris Forstall
Ovid	Ex Ponto	Perseus	Arthur Leslie Wheeler, P. Ovidius Naso: Ex Ponto. Cambridge, MA: Harvard University Press, 1939.	Chris Forstall
Ovid	Fasti	Perseus	Sir James George Frazer, Ovid’s Fasti. Harvard University Press, 1933.	Chris Forstall
Ovid	Heroides	Perseus	R. Ehwald, Amores, Epistulae, Medicamina faciei femineae, Ars amatoria, Remedia amoris. Teubner, 1907.	Chris Forstall
Ovid	Medicamina Faciei Femineae	Perseus	R. Ehwald, Amores, Epistulae, Medicamina faciei femineae, Ars amatoria, Remedia amoris. Teubner, 1907.	Chris Forstall
Ovid	Metamorphoses	Perseus	Hugo Magnus, Ovid: Metamorphoses. Gotha (Germany): Friedr. Andr. Perthes, 1892.	Chris Forstall
Ovid	Remedia Amoris	Perseus	R. Ehwald, Amores, Epistulae, Medicamina faciei femineae, Ars amatoria, Remedia amoris. Teubner, 1907.	Chris Forstall
Ovid	Tristia	Perseus	Arthur Leslie Wheeler, P. Ovidius Naso: Tristia. Cambridge, MA: Harvard University Press, 1939.	Chris Forstall
Pausanias	Description of Greece (Greek). Machine readable text	Perseus	Friedrich Spiro Pausaniae Graeciae Descriptio, 3 vols..Leipzig, Teubner, 1903.	Jessica Micceri
Persius	Satires	Perseus	G.G.Ramsay, Juvenal and Persius with An English Translation. London: William Heinemann; G. P. Putnam's Son, 1918.	Anna Glenn
Philostratus the Athenian	De Gymnastica	Perseus	Carl Ludwig Kayser, Flavii Philostrati Opera, Vol 2. Lipsiae: in aedibus B. G. Teubneri, 1871.	Jessica Micceri
Philostratus the Athenian	Epistulae et Dialexeis	Perseus	Carl Ludwig Kayser, Flavii Philostrati Opera, Vol 2. Lipsiae: in aedibus B. G. Teubneri, 1871.	Jessica Micceri
Philostratus the Athenian	Heroicus	Perseus	Carl Ludwig Kayser, Flavii Philostrati Opera, Vol 2. Lipsiae: in aedibus B. G. Teubneri, 1871.	Jessica Micceri
Philostratus the Lemnian	Imagines	Perseus	Carl Ludwig Kayser, Flavii Philostrati Opera, Vol 2. Lipsiae: in aedibus B. G. Teubneri, 1871.	Jessica Micceri
Philostratus the Athenian	Vita Apollonii	Perseus	Carl Ludwig Kayser, Flavii Philostrati Opera, Vol 1. Lipsiae: in aedibus B. G. Teubneri, 1870.	Jessica Micceri
Philostratus the Athenian	Vitae Sophistarum	Perseus	Carl Ludwig Kayser, Flavii Philostrati Opera, Vol 2. Lipsiae: in aedibus B. G. Teubneri, 1871.	Jessica Micceri
Pindar	Isthmean	Perseus	The Odes of Pindar including the Principal Fragments with an Introduction and an English Translation by Sir John Sandys, Litt.D., FBA.Cambridge, MA.,Harvard University Press; London, William Heinemann Ltd., 1937.	Jessica Micceri
Pindar	Nemean	Perseus	The Odes of Pindar including the Principal Fragments with an Introduction and an English Translation by Sir John Sandys, Litt.D., FBA.Cambridge, MA.,Harvard University Press; London, William Heinemann Ltd., 1937.	Jessica Micceri
Pindar	Odes	Perseus	The Odes of Pindar including the Principal Fragments with an Introduction and an English Translation by Sir John Sandys, Litt.D., FBA.Cambridge, MA.,Harvard University Press; London, William Heinemann Ltd., 1937.	Jessica Micceri
Pindar	Olympian	Perseus	The Odes of Pindar including the Principal Fragments with an Introduction and an English Translation by Sir John Sandys, Litt.D., FBA.Cambridge, MA.,Harvard University Press; London, William Heinemann Ltd., 1937.	Jessica Micceri
Pindar	Pythian	Perseus	The Odes of Pindar including the Principal Fragments with an Introduction and an English Translation by Sir John Sandys, Litt.D., FBA.Cambridge, MA.,Harvard University Press; London, William Heinemann Ltd., 1937.	Jessica Micceri
Plato	Alcibiades 1	Perseus	Platonis Opera, ed. John Burnet.Oxford University Press, 1903.	Elizabeth Hunter
Plato	Alcibiades 2	Perseus	Platonis Opera, ed. John Burnet.Oxford University Press, 1903.	Elizabeth Hunter
Plato	Apology	Perseus	Platonis Opera, ed. John Burnet.Oxford University Press, 1903.	Elizabeth Hunter
Plato	Charmides	Perseus	Platonis Opera, ed. John Burnet.Oxford University Press, 1903.	Elizabeth Hunter
Plato	Cleitophon	Perseus	Platonis Opera, ed. John Burnet.Oxford University Press, 1903.	Elizabeth Hunter
Plato	Cratylus	Perseus	Platonis Opera, ed. John Burnet.Oxford University Press, 1903.	Elizabeth Hunter
Plato	Critias	Perseus	Platonis Opera, ed. John Burnet.Oxford University Press, 1903.	Elizabeth Hunter
Plato	Crito	Perseus	Platonis Opera, ed. John Burnet.Oxford University Press, 1903.	Elizabeth Hunter
Plato	Epinomis	Perseus	Platonis Opera, ed. John Burnet.Oxford University Press, 1903.	Elizabeth Hunter
Plato	Epistles	Perseus	Platonis Opera, ed. John Burnet.Oxford University Press, 1903.	Elizabeth Hunter
Plato	Euthydemus	Perseus	Platonis Opera, ed. John Burnet.Oxford University Press, 1903.	Elizabeth Hunter
Plato	Euthyphro	Perseus	Platonis Opera, ed. John Burnet.Oxford University Press, 1903.	Elizabeth Hunter
Plato	Gorgias	Perseus	Platonis Opera, ed. John Burnet.Oxford University Press, 1903.	Elizabeth Hunter
Plato	Hipparchus	Perseus	Platonis Opera, ed. John Burnet.Oxford University Press, 1903.	Elizabeth Hunter
Plato	Hippias Major	Perseus	Platonis Opera, ed. John Burnet.Oxford University Press, 1903.	Elizabeth Hunter
Plato	Hippias Minor	Perseus	Platonis Opera, ed. John Burnet.Oxford University Press, 1903.	Elizabeth Hunter
Plato	Ion	Perseus	Platonis Opera, ed. John Burnet.Oxford University Press, 1903.	Elizabeth Hunter
Plato	Laches	Perseus	Platonis Opera, ed. John Burnet.Oxford University Press, 1903.	Elizabeth Hunter
Plato	Laws	Perseus	Platonis Opera, ed. John Burnet.Oxford University Press, 1903.	Elizabeth Hunter
Plato	Lovers	Perseus	Platonis Opera, ed. John Burnet.Oxford University Press, 1903.	Elizabeth Hunter
Plato	Lysis	Perseus	Platonis Opera, ed. John Burnet.Oxford University Press, 1903.	Elizabeth Hunter
Plato	Menexenus	Perseus	Platonis Opera, ed. John Burnet.Oxford University Press, 1903.	Elizabeth Hunter
Plato	Meno	Perseus	Platonis Opera, ed. John Burnet.Oxford University Press, 1903.	Elizabeth Hunter
Plato	Minos	Perseus	Platonis Opera, ed. John Burnet.Oxford University Press, 1903.	Elizabeth Hunter
Plato	Parmenides	Perseus	Platonis Opera, ed. John Burnet.Oxford University Press, 1903.	Elizabeth Hunter
Plato	Phaedo	Perseus	Platonis Opera, ed. John Burnet.Oxford University Press, 1903.	Elizabeth Hunter
Plato	Phaedrus	Perseus	Platonis Opera, ed. John Burnet.Oxford University Press, 1903.	Elizabeth Hunter
Plato	Philebus	Perseus	Platonis Opera, ed. John Burnet.Oxford University Press, 1903.	Elizabeth Hunter
Plato	Protagoras	Perseus	Platonis Opera, ed. John Burnet.Oxford University Press, 1903.	Elizabeth Hunter
Plato	Republic	Perseus	Platonis Opera, ed. John Burnet.Oxford University Press, 1903.	Elizabeth Hunter
Plato	Sophist	Perseus	Platonis Opera, ed. John Burnet.Oxford University Press, 1903.	Elizabeth Hunter
Plato	Statesman	Perseus	Platonis Opera, ed. John Burnet.Oxford University Press, 1903.	Elizabeth Hunter
Plato	Symposium	Perseus	Platonis Opera, ed. John Burnet.Oxford University Press, 1903.	Elizabeth Hunter
Plato	Theaetetus	Perseus	Platonis Opera, ed. John Burnet.Oxford University Press, 1903.	Elizabeth Hunter
Plato	Theages	Perseus	Platonis Opera, ed. John Burnet.Oxford University Press, 1903.	Elizabeth Hunter
Plato	Timaeus	Perseus	Platonis Opera, ed. John Burnet.Oxford University Press, 1903.	Elizabeth Hunter
Plautus	Amphitruo	Perseus	T. Maccius Plautus. Plauti Comoediae. F. Leo. Berlin. Weidmann. 1895.	Chris Forstall
Plautus	Asinaria	Perseus	T. Maccius Plautus. Plauti Comoediae. F. Leo. Berlin. Weidmann. 1895.	Chris Forstall
Plautus	Aulularia	Perseus	T. Maccius Plautus. Plauti Comoediae. F. Leo. Berlin. Weidmann. 1895.	Chris Forstall
Plautus	Bacchides	Perseus	T. Maccius Plautus. Plauti Comoediae. F. Leo. Berlin. Weidmann. 1895.	Chris Forstall
Plautus	Captivi	Perseus	T. Maccius Plautus. Plauti Comoediae. F. Leo. Berlin. Weidmann. 1895.	Chris Forstall
Plautus	Casina	Perseus	T. Maccius Plautus. Plauti Comoediae. F. Leo. Berlin. Weidmann. 1895.	Chris Forstall
Plautus	Cistellaria	Perseus	T. Maccius Plautus. Plauti Comoediae. F. Leo. Berlin. Weidmann. 1895.	Chris Forstall
Plautus	Curculio	Perseus	T. Maccius Plautus. Plauti Comoediae. F. Leo. Berlin. Weidmann. 1895.	Chris Forstall
Plautus	Epidicus	Perseus	T. Maccius Plautus. Plauti Comoediae. F. Leo. Berlin. Weidmann. 1895.	Chris Forstall
Plautus	Menaechmi	Perseus	T. Maccius Plautus. Plauti Comoediae. F. Leo. Berlin. Weidmann. 1895.	Chris Forstall
Plautus	Mercator	Perseus	T. Maccius Plautus. Plauti Comoediae. F. Leo. Berlin. Weidmann. 1895.	Chris Forstall
Plautus	Miles Gloriosus	Perseus	T. Maccius Plautus. Plauti Comoediae. F. Leo. Berlin. Weidmann. 1895.	Chris Forstall
Plautus	Mostellaria	Perseus	T. Maccius Plautus. Plauti Comoediae. F. Leo. Berlin. Weidmann. 1895.	Chris Forstall
Plautus	Persa	Perseus	T. Maccius Plautus. Plauti Comoediae. F. Leo. Berlin. Weidmann. 1895.	Chris Forstall
Plautus	Poenulus	Perseus	T. Maccius Plautus. Plauti Comoediae. F. Leo. Berlin. Weidmann. 1895.	Chris Forstall
Plautus	Rudens	Perseus	T. Maccius Plautus. Plauti Comoediae. F. Leo. Berlin. Weidmann. 1895.	Chris Forstall
Plautus	Stichus	Perseus	T. Maccius Plautus. Plauti Comoediae. F. Leo. Berlin. Weidmann. 1895.	Chris Forstall
Plautus	Trinummus	Perseus	T. Maccius Plautus. Plauti Comoediae. F. Leo. Berlin. Weidmann. 1895.	Chris Forstall
Plautus	Truculentus	Perseus	T. Maccius Plautus. Plauti Comoediae. F. Leo. Berlin. Weidmann. 1895.	Chris Forstall
Pliny the Younger	Letters	Perseus	Letters.	Tony R Waleszczak & Jessica Micceri
Pliny the Elder	Naturalis Historia	Perseus	Karl Friedrich Theodor Mayhoff, Naturalis Historia. Lipsiae : Teubner, 1906.	Anna Glenn
Plutarch	Ad principem ineruditum	Perseus	Gregorius N. Bernardakis, Moralia. Leipzig: Teubner, 1893.	Bridget Murray
Plutarch	Adversus Colotem	Perseus	Gregorius N. Bernardakis, Moralia. Leipzig: Teubner, 1895.	Bridget Murray
Plutarch	Aemilius	Perseus	Bernadotte Perrin, Plutarch's Lives. Cambridge, MA: Harvard University Press, 1918.	Bridget Murray
Plutarch	Aemilius Paulus	Perseus	Bernadotte Perrin, Plutarch's Lives. Cambridge, MA: Harvard University Press, 1918.	Bridget Murray
Plutarch	Agesilaus	Perseus	Bernadotte Perrin, Plutarch's Lives. Cambridge, MA: Harvard University Press, 1917.	Bridget Murray
Plutarch	Agis	Perseus	Bernadotte Perrin, Plutarch's Lives. Cambridge, MA: Harvard University Press, 1921.	Bridget Murray
Plutarch	Alcibiades	Perseus	Bernadotte Perrin, Plutarch's Lives. Cambridge, MA: Harvard University Press, 1916.	Bridget Murray
Plutarch	Alexander	Perseus	Bernadotte Perrin, Plutarch's Lives. Cambridge, MA: Harvard University Press, 1919.	Bridget Murray
Plutarch	Amatoriae narrationes	Perseus	Gregorius N. Bernardakis, Moralia. Leipzig: Teubner, 1892.	Elizabeth Hunter
Plutarch	Amatorius	Perseus	Gregorius N. Bernardakis, Moralia. Leipzig: Teubner, 1892.	Elizabeth Hunter
Plutarch	An Recte Dictum Sit Latenter Esse Vivendum	Perseus	Gregorius N. Bernardakis, Moralia. Leipzig: Teubner, 1895.	Elizabeth Hunter
Plutarch	An seni respublica gerenda sit	Perseus	Gregorius N. Bernardakis, Moralia. Leipzig: Teubner, 1893.	Elizabeth Hunter
Plutarch	Animine an corporis affectiones sint peiores	Perseus	Gregorius N. Bernardakis, Moralia. Leipzig: Teubner, 1891.	Elizabeth Hunter
Plutarch	Antony	Perseus	Bernadotte Perrin, Plutarch's Lives. Cambridge, MA: Harvard University Press, 1920.	Elizabeth Hunter
Plutarch	Apophthegmata Laconica	Perseus	Gregorius N. Bernardakis, Moralia. Leipzig: Teubner, 1889.	Elizabeth Hunter
Plutarch	Aquane an ignis sit utilior	Perseus	Gregorius N. Bernardakis, Moralia. Leipzig: Teubner, 1895.	Elizabeth Hunter
Plutarch	Aratus	Perseus	Bernadotte Perrin, Plutarch's Lives. Cambridge, MA: Harvard University Press, 1926.	Elizabeth Hunter
Plutarch	Aristides	Perseus	Bernadotte Perrin, Plutarch's Lives. Cambridge, MA: Harvard University Press, 1914.	Elizabeth Hunter
Plutarch	Artaxerxes	Perseus	Bernadotte Perrin, Plutarch's Lives. Cambridge, MA: Harvard University Press, 1926.	Elizabeth Hunter
Plutarch	Bruta animalia ratione uti	Perseus	Gregorius N. Bernardakis, Moralia. Leipzig: Teubner, 1895.	Elizabeth Hunter
Plutarch	Brutus	Perseus	Bernadotte Perrin, Plutarch's Lives. Cambridge, MA: Harvard University Press, 1918.	Elizabeth Hunter
Plutarch	Caesar	Perseus	Bernadotte Perrin, Plutarch's Lives. Cambridge, MA: Harvard University Press, 1919.	Elizabeth Hunter
Plutarch	Caius Gracchus	Perseus	Bernadotte Perrin, Plutarch's Lives. Cambridge, MA: Harvard University Press, 1921.	Elizabeth Hunter
Plutarch	Caius Marcius Coriolanus	Perseus	Bernadotte Perrin, Plutarch's Lives. Cambridge, MA: Harvard University Press, 1916.	Elizabeth Hunter
Plutarch	Caius Marius	Perseus	Bernadotte Perrin, Plutarch's Lives. Cambridge, MA: Harvard University Press, 1920.	Elizabeth Hunter
Plutarch	Camillus	Perseus	Bernadotte Perrin, Plutarch's Lives. Cambridge, MA: Harvard University Press, 1914.	Elizabeth Hunter
Plutarch	Cato the Younger	Perseus	Bernadotte Perrin, Plutarch's Lives. Cambridge, MA: Harvard University Press, 1919.	Elizabeth Hunter
Plutarch	Comparison of Dion and Brutus	Perseus	Bernadotte Perrin, Plutarch's Lives. Cambridge, MA: Harvard University Press, 1918.	Elizabeth Hunter
Plutarch	Cimon	Perseus	Bernadotte Perrin, Plutarch's Lives. Cambridge, MA: Harvard University Press, 1914.	Elizabeth Hunter
Plutarch	Cleomenes	Perseus	Bernadotte Perrin, Plutarch's Lives. Cambridge, MA: Harvard University Press, 1921.	Elizabeth Hunter
Plutarch	Comparationis Aristophanis et Menandri compendium	Perseus	Gregorius N. Bernardakis, Moralia. Leipzig: Teubner, 1893.	Elizabeth Hunter
Plutarch	Comparison of Agesilaus and Pompey	Perseus	Bernadotte Perrin, Plutarch's Lives. Cambridge, MA: Harvard University Press, 1917.	Elizabeth Hunter
Plutarch	Comparison of Agis and Cleomenes and the Gracchi	Perseus	Bernadotte Perrin, Plutarch's Lives. Cambridge, MA: Harvard University Press, 1921.	Elizabeth Hunter
Plutarch	Comparison of Alcibiades and Coriolanus	Perseus	Bernadotte Perrin, Plutarch's Lives. Cambridge, MA: Harvard University Press, 1916.	Elizabeth Hunter
Plutarch	Comparison of Aristides with Marcus Cato	Perseus	Bernadotte Perrin, Plutarch's Lives. Cambridge, MA: Harvard University Press, 1914.	Elizabeth Hunter
Plutarch	Comparison of Demetrius and Antony	Perseus	Bernadotte Perrin, Plutarch's Lives. Cambridge, MA: Harvard University Press, 1920.	Elizabeth Hunter
Plutarch	Comparison of Demosthenes with Cicero	Perseus	Bernadotte Perrin, Plutarch's Lives. Cambridge, MA: Harvard University Press, 1919.	Elizabeth Hunter
Plutarch	Comparison of Lucullus and Cimon	Perseus	Bernadotte Perrin, Plutarch's Lives. Cambridge, MA: Harvard University Press, 1914.	Elizabeth Hunter
Plutarch	Comparison of Lycurgus and Numa	Perseus	Bernadotte Perrin, Plutarch's Lives. Cambridge, MA: Harvard University Press, 1914.	Elizabeth Hunter
Plutarch	Comparison of Lysander and Sulla	Perseus	Bernadotte Perrin, Plutarch's Lives. Cambridge, MA: Harvard University Press, 1916.	Elizabeth Hunter
Plutarch	Comparison of Nicias and Crassus	Perseus	Bernadotte Perrin, Plutarch's Lives. Cambridge, MA: Harvard University Press, 1916.	Elizabeth Hunter
Plutarch	Comparison of Pelopidas and Marcellus	Perseus	Bernadotte Perrin, Plutarch's Lives. Cambridge, MA: Harvard University Press, 1917.	Elizabeth Hunter
Plutarch	Comparison of Pericles and Fabius Maximus	Perseus	Bernadotte Perrin, Plutarch's Lives. Cambridge, MA: Harvard University Press, 1916.	Elizabeth Hunter
Plutarch	Comparison of Philopoemen and Titus	Perseus	Bernadotte Perrin, Plutarch's Lives. Cambridge, MA: Harvard University Press, 1921.	Elizabeth Hunter
Plutarch	Comparison of Sertorius and Eumenes	Perseus	Bernadotte Perrin, Plutarch's Lives. Cambridge, MA: Harvard University Press, 1919.	Elizabeth Hunter
Plutarch	Comparison of Solon and Publicola	Perseus	Bernadotte Perrin, Plutarch's Lives. Cambridge, MA: Harvard University Press, 1914.	Elizabeth Hunter
Plutarch	Comparison of Theseus and Romulus	Perseus	Bernadotte Perrin, Plutarch's Lives. Cambridge, MA: Harvard University Press, 1914.	Elizabeth Hunter
Plutarch	Comparison of Timoleon and Aemilius	Perseus	Bernadotte Perrin, Plutarch's Lives. Cambridge, MA: Harvard University Press, 1918.	Elizabeth Hunter
Plutarch	Compendium Argumenti Stoicos absurdiora poetis dicere	Perseus	Gregorius N. Bernardakis, Moralia. Leipzig: Teubner, 1895.	Elizabeth Hunter
Plutarch	Compendium libri de animae procreatione in Timaeo	Perseus	Gregorius N. Bernardakis, Moralia. Leipzig: Teubner, 1895.	Elizabeth Hunter
Plutarch	Conjugalia Praecepta	Perseus	Gregorius N. Bernardakis, Moralia. Leipzig: Teubner, 1888.	Elizabeth Hunter
Plutarch	Consolatio ad Apollonium	Perseus	Gregorius N. Bernardakis, Moralia. Leipzig: Teubner, 1888.	Elizabeth Hunter
Plutarch	Consolatio ad uxorem	Perseus	Gregorius N. Bernardakis, Moralia. Leipzig: Teubner, 1891.	Elizabeth Hunter
Plutarch	Crassus	Perseus	Bernadotte Perrin, Plutarch's Lives. Cambridge, MA: Harvard University Press, 1916.	Elizabeth Hunter
Plutarch	De Alexandri magni fortuna aut virtute	Perseus	Gregorius N. Bernardakis, Moralia. Leipzig: Teubner, 1889.	Bridget Murray
Plutarch	De E apud Delphos	Perseus	Gregorius N. Bernardakis, Moralia. Leipzig: Teubner, 1891.	Elizabeth Hunter
Plutarch	De Herodoti malignitate	Perseus	Gregorius N. Bernardakis, Moralia. Leipzig: Teubner, 1893.	Elizabeth Hunter
Plutarch	De Iside et Osiride	Perseus	Gregorius N. Bernardakis, Moralia. Leipzig: Teubner, 1889.	Elizabeth Hunter
Plutarch	De Pythiae oraculis	Perseus	Gregorius N. Bernardakis, Moralia. Leipzig: Teubner, 1891.	Elizabeth Hunter
Plutarch	De Recta Ratione Audiendi	Perseus	Gregorius N. Bernardakis, Moralia. Leipzig: Teubner, 1888.	Elizabeth Hunter
Plutarch	De Se Ipsum Citra Invidiam Laudando	Perseus	Gregorius N. Bernardakis, Moralia. Leipzig: Teubner, 1891.	Elizabeth Hunter
Plutarch	De Stoicorum repugnantiis	Perseus	Gregorius N. Bernardakis, Moralia. Leipzig: Teubner, 1895.	Elizbeth Hunter
Plutarch	De amicorum multitudine	Perseus	Gregorius N. Bernardakis, Moralia. Leipzig: Teubner, 1888.	Bridget Murray
Plutarch	De amore prolis	Perseus	Gregorius N. Bernardakis, Moralia. Leipzig: Teubner, 1891.	Bridget Murray
Plutarch	De animae procreatione in Timaeo	Perseus	Gregorius N. Bernardakis, Moralia. Leipzig: Teubner, 1895.	Bridget Murray
Plutarch	De capienda ex inimicis utilitate	Perseus	Gregorius N. Bernardakis, Moralia. Leipzig: Teubner, 1888.	Bridget Murray
Plutarch	De cohibenda ira	Perseus	Gregorius N. Bernardakis, Moralia. Leipzig: Teubner, 1891.	Bridget Murray
Plutarch	De communibus notitiis adversus Stoicos	Perseus	Gregorius N. Bernardakis, Moralia. Leipzig: Teubner, 1895.	Bridget Murray
Plutarch	De cupiditate divitiarum	Perseus	Gregorius N. Bernardakis, Moralia. Leipzig: Teubner, 1891.	Bridget Murray
Plutarch	De curiositate	Perseus	Gregorius N. Bernardakis, Moralia. Leipzig: Teubner, 1891.	Bridget Murray
Plutarch	De defectu oraculorum	Perseus	Gregorius N. Bernardakis, Moralia. Leipzig: Teubner, 1891.	Elizabeth Hunter
Plutarch	De esu carnium II	Perseus	Gregorius N. Bernardakis, Moralia. Leipzig: Teubner, 1895.	Elizabeth Hunter
Plutarch	De exilio	Perseus	Gregorius N. Bernardakis, Moralia. Leipzig: Teubner, 1891.	Elizabeth Hunter
Plutarch	De faciae quae in orbe lunae apparet	Perseus	Gregorius N. Bernardakis, Moralia. Leipzig: Teubner, 1893.	Elizabeth Hunter
Plutarch	De fato	Perseus	Gregorius N. Bernardakis, Moralia. Leipzig: Teubner, 1891.	Elizabeth Hunter
Plutarch	De fortuna	Perseus	Gregorius N. Bernardakis, Moralia. Leipzig: Teubner, 1888.	Elizabeth Hunter
Plutarch	De fortuna Romanorum	Perseus	Gregorius N. Bernardakis, Moralia. Leipzig: Teubner, 1889.	Elizabeth Hunter
Plutarch	De fraterno amore	Perseus	Gregorius N. Bernardakis, Moralia. Leipzig: Teubner, 1891.	Elizabeth Hunter
Plutarch	De garrulitate	Perseus	Gregorius N. Bernardakis, Moralia. Leipzig: Teubner, 1891.	Elizabeth Hunter
Plutarch	De genio Socratis	Perseus	Gregorius N. Bernardakis, Moralia. Leipzig: Teubner, 1891.	Elizabeth Hunter
Plutarch	De gloria Atheniensium	Perseus	Gregorius N. Bernardakis, Moralia. Leipzig: Teubner, 1889.	Elizabeth Hunter
Plutarch	De invidia et odio	Perseus	Gregorius N. Bernardakis, Moralia. Leipzig: Teubner, 1891.	Elizabeth Hunter
Plutarch	De liberis educandis	Perseus	Gregorius N. Bernardakis, Moralia. Leipzig: Teubner, 1888.	Elizabeth Hunter
Plutarch	De primo frigido	Perseus	Gregorius N. Bernardakis, Moralia. Leipzig: Teubner, 1893.	Elizabeth Hunter
Plutarch	De sera numinis vindicta	Perseus	Gregorius N. Bernardakis, Moralia. Leipzig: Teubner, 1891.	Elizabeth Hunter
Plutarch	De sollertia animalium	Perseus	Gregorius N. Bernardakis, Moralia. Leipzig: Teubner, 1895.	Elizabeth Hunter
Plutarch	De superstitione	Perseus	Gregorius N. Bernardakis, Moralia. Leipzig: Teubner, 1888.	Elizabeth Hunter
Plutarch	De tranquilitate animi	Perseus	Gregorius N. Bernardakis, Moralia. Leipzig: Teubner, 1891.	Elizabeth Hunter
Polybius	Histories	Perseus	Theodorus B?ttner-Wobst after L. Dindorf, Historiae. Leipzig: Teubner, 1893-.	Bridget Murray
Propertius	Elegies	Perseus	L. Mueller, Sex. Propertii Elegiae. Leipzig: Teubner, 1898.	Chris Forstall
Pseudo-Plutarch	De Musica	Perseus	Plutarch. Moralia. Gregorius N. Bernardakis. Leipzig. Teubner. 1895. 6..	Rudra Chakraborty
Pseudo-Plutarch	Placita Philosophorum	Perseus	Plutarch. Moralia. Gregorius N. Bernardakis. Leipzig. Teubner. 1895. 6..	Rudra Chakraborty
Pseudo-Quintilian	Major Declamations	The Latin Library	L. Håkanson,Declamationes XIX maiores Quintiliano falso ascriptae. Stuttgart, 1982	James Gawley
Q. Cicero	Essay on Running for Consul	Perseus	L. C. Purser, 5 August 1999.	Anna Glenn
Quintilian	Institutio Oratoria	Perseus	Harold Edgeworth Butler, With an English Translation. Cambridge: Cambridge, Mass., Harvard University Press; London, William Heinemann, Ltd., 1920.	Emilie Bétrix
Sallust	Catilina, Iugurtha, Orationes Et Epistulae Excerptae De Historiis	Perseus	Axel W. Ahlberg, Catilina, Iugurtha, Orationes Et Epistulae Excerptae De Historiis. Leipzig: Teubner, 1919.	Tony R Waleszczak
Scriptores Historiae Augustae	Historia Augusta, Vol. 1	Perseus	David Magie. Ainsworth O'Brien-Moore. Susan Helen Ballou. London: William Heinemann; New York: G.P. Putnam's Sons. 1921.	Blake Cooper
Scriptores Historiae Augustae	Historia Augusta, Vol. 2	Perseus	David Magie. Ainsworth O'Brien-Moore. London: William Heinemann; New York: G.P. Putnam's Sons. 1924.	Blake Cooper
Seneca	Ad Lucilium Epistulae Morales	Perseus	Ad Lucilium Epistulae Morales, volume 1-3.Seneca. Richard M. Gummere. Cambridge. Cambridge, Mass., Harvard University Press; London, William Heinemann, Ltd. 1917-1925.	Katherine Roache
Seneca	Agamemnon	Perseus	L. Annaeus Seneca. Tragoediae. Rudolf Peiper. Gustav Richter. Leipzig. Teubner. 1921.	Katherine Roache
Seneca	Apocolocyntosis	Perseus	Seneca. Apocolocyntosis. W.H.D. Rouse, M.A. Litt. D. London. William Heinemann. 1913.	Katherine Roache
Seneca the Elder	Controversiae	Perseus	Annaei Senecae Oratorum et rhetorum sententiae divisiones colores. Seneca the Elder. Adolf Gottlieb Kiessling. in aedibus B. G. Teubneri. Leipzig. 1872.	Katherine Roache
Seneca	De Beneficiis	Perseus	L. Annaeus Seneca. Moral Essays. Volume 3. John W. Basore. London and New York. Heinemann. 1935.	Katherine Roache
Seneca	De Brevitate Vitae	Perseus	L. Annaeus Seneca. Moral Essays. Volume 2. John W. Basore. London and New York. Heinemann. 1932.	Katherine Roache
Seneca	De Clementia	Perseus	L. Annaeus Seneca. Moral Essays. Volume 1. John W. Basore. London and New York. Heinemann. 1928.	Katherine Roache
Seneca	De Consolatione ad Helvium	Perseus	L. Annaeus Seneca. Moral Essays. Volume 2. John W. Basore. London and New York. Heinemann. 1932.	Katherine Roache
Seneca	De Consolatione ad Marciam	Perseus	L. Annaeus Seneca. Moral Essays. Volume 2. John W. Basore. London and New York. Heinemann. 1932.	Katherine Roache
Seneca	De Consolatione ad Polybium	Perseus	L. Annaeus Seneca. Moral Essays. Volume 2. John W. Basore. London and New York. Heinemann. 1932.	Katherine Roache
Seneca	De Constantia	Perseus	L. Annaeus Seneca. Moral Essays. Volume 1. John W. Basore. London and New York. Heinemann. 1928.	Katherine Roache
Seneca	De Ira	Perseus	L. Annaeus Seneca. Moral Essays. Volume 1. John W. Basore. London and New York. Heinemann. 1928.	Katherine Roache
Seneca	De Otio	Perseus	L. Annaeus Seneca. Moral Essays. Volume 2. John W. Basore. London and New York. Heinemann. 1932.	Katherine Roache
Seneca	De Providentia	Perseus	L. Annaeus Seneca. Moral Essays. Volume 1. John W. Basore. London and New York. Heinemann. 1928.	Katherine Roache
Seneca	De Tranquillitate Animi	Perseus	L. Annaeus Seneca. Moral Essays. Volume 2. John W. Basore. London and New York. Heinemann. 1932.	Katherine Roache
Seneca	De Vita Beata	Perseus	L. Annaeus Seneca. Moral Essays. Volume 2. John W. Basore. London and New York. Heinemann. 1932.	Katherine Roache
Seneca the Elder	Excerpta Controversiae	Perseus	Annaei Senecae Oratorum et rhetorum sententiae divisiones colores. Seneca the Elder. Adolf Gottlieb Kiessling. in aedibus B. G. Teubneri. Leipzig. 1872.	Katherine Roache
Seneca the Elder	Fragmenta	Perseus	Annaei Senecae Oratorum et rhetorum sententiae divisiones colores.Seneca the Elder. Adolf Gottlieb Kiessling. in aedibus B. G. Teubneri. Leipzig. 1872.	Katherine Roache
Seneca	Hercules Furens	Perseus	L. Annaeus Seneca. Tragoediae. Rudolf Peiper. Gustav Richter. Leipzig. Teubner. 1921.	Katherine Roache
Seneca	Hercules Oetaeus	Perseus	L. Annaeus Seneca. Tragoediae. Rudolf Peiper. Gustav Richter. Leipzig. Teubner. 1921.	Katherine Roache
Seneca	Medea	Perseus	L. Annaeus Seneca. Tragoediae. Rudolf Peiper. Gustav Richter. Leipzig. Teubner. 1921.	Katherine Roache
Seneca	Octavia	Perseus	L. Annaeus Seneca. Tragoediae. Rudolf Peiper. Gustav Richter. Leipzig. Teubner. 1921.	Katherine Roache
Seneca	Oedipus	Perseus	L. Annaeus Seneca. Tragoediae. Rudolf Peiper. Gustav Richter. Leipzig. Teubner. 1921.	Katherine Roache
Seneca	Phaedra	Perseus	L. Annaeus Seneca. Tragoediae. Rudolf Peiper. Gustav Richter. Leipzig. Teubner. 1921.	Katherine Roache
Seneca	Phoenissae	Perseus	L. Annaeus Seneca. Tragoediae. Rudolf Peiper. Gustav Richter. Leipzig. Teubner. 1921.	Katherine Roache
Seneca the Elder	Suasoriae	Perseus	Annaei Senecae Oratorum et rhetorum sententiae divisiones colores. Seneca the Elder. Adolf Gottlieb Kiessling. in aedibus B. G. Teubneri. Leipzig. 1872.	Katherine Roache
Seneca	Thyestes	Perseus	L. Annaeus Seneca. Tragoediae. Rudolf Peiper. Gustav Richter. Leipzig. Teubner. 1921.	Katherine Roache
Seneca	Troades	Perseus	L. Annaeus Seneca. Tragoediae. Rudolf Peiper. Gustav Richter. Leipzig. Teubner. 1921.	Katherine Roache
Servius Honoratus	Commentary on the Aeneid of Vergil	Perseus	Georgius Thilo, In Vergilii carmina comentarii. Leipzig: B. G. Teubner, 1881.	Elizabeth Hunter
Servius Honoratus	Commentary on the Eclogues of Vergil	Perseus	Georgius Thilo, In Vergilii carmina comentarii. Leipzig: B. G. Teubner, 1881.	Elizabeth Hunter
Servius Honoratus	Commentary on the Georgics of Vergil	Perseus	Georgius Thilo, In Vergilii carmina comentarii. Leipzig: B. G. Teubner, 1881.	Elizabeth Hunter
Shakespeare	A Midsummer Night's Dream	Moby Shakespeare	W. G. Clark, The Globe Shakespeare. New York: Nelson Doubleday, Inc., 7 May 93.	Timothy Tilbe
Shakespeare	Hamlet	Moby Shakespeare	W. G. Clark, The Globe Shakespeare. New York: Nelson Doubleday, Inc., 7 May 93.	Timothy Tilbe
Shakespeare	Richard III	Moby Shakespeare	W. G. Clark, The Globe Shakespeare. New York: Nelson Doubleday, Inc., 7 May 93.	Timothy Tilbe
Sophocles	Ajax	Perseus	Sophocles. The Ajax of Sophocles. Edited with introduction and notes by Sir Richard Jebb. Sir Richard Jebb. Cambridge. Cambridge University Press. 1893.	Katherine Roache
Sophocles	Antigone	Perseus	Sophocles. Sophocles. Vol 1: Oedipus the king. Oedipus at Colonus. Antigone. With an English translation by F. Storr. The Loeb classical library, 20. Francis Storr. London; New York. William Heinemann Ltd.; The Macmillan Company. 1912.	Rudra Chakraborty
Sophocles	Electra	Perseus	Sophocles. Sophocles. Vol 2: Ajax. Electra. Trachiniae. Philoctetes With an English translation by F. Storr. The Loeb classical library, 21. Francis Storr. London; New York. William Heinemann Ltd.; The Macmillan Company. 1913.	Rudra Chakraborty
Sophocles	Ichneutae	Perseus	Sophocles. Oxyrhynchus Papyri, part 9, number 1174. Arthur S. Hunt. London. Egypt Exploration Fund. 1912.	Rudra Chakraborty
Sophocles	Oedipus Epi Kolono (Oedipus at Colonus)	Perseus	Sophocles. Sophocles. Vol 1: Oedipus the king. Oedipus at Colonus. Antigone. With an English translation by F. Storr. The Loeb classical library, 20. Francis Storr. London; New York. William Heinemann Ltd.; The Macmillan Company. 1912.	Rudra Chakraborty
Sophocles	Oedipus Tyrannus	Perseus	Sophocles. The Oedipus Tyrannus of Sophocles. Edited with introduction and notes by Sir Richard Jebb. Cambridge. Cambridge University Press. 1887.	Katherine Roache
Sophocles	Oedipus at Colonus	Perseus	Sophocles. The Oedipus at Colonus of Sophocles. Edited with introduction and notes by Sir Richard Jebb. Sir Richard Jebb. Cambridge. Cambridge University Press. 1889.	Katherine Roache
Sophocles	Philoctetes	Perseus	Sophocles. Sophocles. Vol 2: Ajax. Electra. Trachiniae. Philoctetes With an English translation by F. Storr. The Loeb classical library, 21. Francis Storr. London; New York. William Heinemann Ltd.; The Macmillan Company. 1913.	Rudra Chakraborty
Sophocles	Trachinae	Perseus	Sophocles. Sophocles. Vol 2: Ajax. Electra. Trachiniae. Philoctetes With an English translation by F. Storr. The Loeb classical library, 21. Francis Storr. London; New York. William Heinemann Ltd.; The Macmillan Company. 1913.	Rudra Chakraborty
Sophocles	Trachiniae	Perseus	Sophocles. The Trachiniae of Sophocles. Edited with introduction and notes by Sir Richard Jebb. Sir Richard Jebb. Cambridge. Cambridge University Press. 1892.	Katherine Roache
Statius	Achilleid	Perseus	John Henry Mozley, Statius: Vol II. New York: G.P. Putnam’s Sons. 1928.	Chris Forstall
Statius	Silvae	Perseus	John Henry Mozley, Statius: Vol I. New York: G.P. Putnam’s Sons. 1928.	Chris Forstall
Statius	Thebaid	Perseus	John Henry Mozley, Statius: Vol I–II. New York: G.P. Putnam’s Sons. 1928.	Chris Forstall
Strabo	Geography (Greek). Machine readable text	Perseus	ed. A. Meineke, Geographica.Leipzig: Teubner, 1877.	James Gawley
Suetonius	De Vita Caesarum	Perseus	In aedibus B.G. Teubneri 1907	Elizabeth Hunter
Tacitus	Dialogus de Oratoribus	Perseus	Henry Furneaux, Opera Minora. 1900.	Elizabeth Hunter
Tacitus	Historiae	Perseus	Charles Dennis Fisher, Historiae. 1911.	Elizabeth Hunter
Tacitus	de Origine et Situ Germanorum Liber	Perseus	Henry Furneaux, Opera Minora. 1900.	Elizabeth Hunter
Terence	Adelphi	Perseus	Edward St. John Parry, Publii Terentii Comoediae VI. London: Whitaker and Co., Ave Maria Lane; George Bell, Fleet Street, 1857.	Anna Glenn
Terence	Andria	Perseus	Edward St. John Parry, Publii Terentii Comoediae VI. London: Whitaker and Co., Ave Maria Lane; George Bell, Fleet Street, 1857.	Anna Glenn
Terence	Eunuchus	Perseus	Edward St. John Parry, Publii Terentii Comoediae VI. London: Whitaker and Co., Ave Maria Lane; George Bell, Fleet Street, 1857.	Anna Glenn
Terence	Heautontimorumenos	Perseus	Edward St. John Parry, Publii Terentii Comoediae VI. London: Whitaker and Co., Ave Maria Lane; George Bell, FleetStreet, 1857.	Anna Glenn
Terence	Hecyra	Perseus	Edward St. John Parry, Publii Terentii Comoediae VI. London: Whitaker and Co., Ave Maria Lane; George Bell, Fleet Street, 1857.	Anna Glenn
Terence	Phormio	Perseus	Edward St. John Parry, Publii Terentii Comoediae VI. London: Whitaker and Co., Ave Maria Lane; George Bell, Fleet Street, 1857.	Anna Glenn
Tertullian	Apologeticum	Perseus	Tertullian. T.R. Glover. William Heinemann Ltd.; Harvard University Press. London; Cambridge, Massachusetts. 1931.	Blake Cooper
Tertullian	De Spectaculis	Perseus	Tertullian. T.R. Glover. William Heinemann Ltd.; Harvard University Press. London; Cambridge, Massachusetts. 1931.	Blake Cooper
Theophrastus	Characters	Perseus	Hermann Diels, Characters. Oxford: Oxford University Press, 1909.	James Gawley
Thucydides	The Peleponnesian War	Perseus	Thucydides Historiae in Two Volumes. Oxford, Oxford University Press. 1942.
Tibullus	Carmina	Perseus	J.P. Postgate, Tibulli aliorumque Carminum libri Tres. Oxford University Press, 1915.	Chris Forstall
Tryphiodorus	The Taking of Ilios	Perseus	A. W. Mair, Oppian, Colluthus, Tryphiodorus with an English Translation by A.W. Mair.London, William Heinemann, Ltd.; New York: G.P. Putnam's Sons, 1928.	Bridget Murray
Valerius Maximus	Facta et Dicta Memorabilia	Perseus	Karl Friedrich Kempf, Factorvm et Dictorvm Memorabilivm, Libri Novem. Leipsig: Teubner, 1888.	Elizabeth Hunter
Vergil	Aeneid	Perseus	J. B. Greenough, Bucolics, Aeneid, and Georgics Of Vergil. Boston: Ginn & Co. 1900	Chris Forstall
Vergil	Eclogues	Perseus	J. B. Greenough, Bucolics, Aeneid, and Georgics Of Vergil. Boston: Ginn & Co. 1900	Chris Forstall
Vergil	Georgics	Perseus	J. B. Greenough, Bucolics, Aeneid, and Georgics Of Vergil. Boston: Ginn & Co. 1900	Chris Forstall
Vitruvius Pollio	De Architectura	Perseus	F. Krohn, On Architecture. Lipsiae: B.G. Teubner, 1912.	Anna Glenn
Xenophon	Anabasis	Perseus	Xenophontis opera omnia, vol. 3.Oxford, Clarendon Press, 1904 (repr. 1961).	Bridget Murray
